is_quarter_start,is_month_start,is_quarter_end,is_month_end,day_of_week,month,year,season_Winter,season_Spring,season_Summer,season_Fall,is_holiday,is_after_holiday,is_first_trading_day,overnight_gap,sma_ratio,sma_distance,prior_volatility,rsi_14,bollinger_width,bollinger_position,macd_diff,prev_day_change,prev_day_range_pct,volume_5day_ratio,went_up,prediction,actual,probability
0.0,0.0,0.0,0.0,3.0,1.0,2025.0,1.0,0.0,0.0,0.0,0.0,1.0,1.0,-0.006638137278026655,0.9913807123109446,-0.017826538398989202,4.989496968631398,35.437788018433196,0.05192491301837817,0.15668621548427586,-1.9857642025744942,0.0062046517935850825,0.0062046517935850825,2.620943659167828,0.0,1,0.0,0.99634546
0.0,0.0,0.0,0.0,3.0,1.0,2025.0,1.0,0.0,0.0,0.0,0.0,1.0,1.0,-0.006638137278026655,0.9913807123109446,-0.017826538398989202,4.989496968631398,35.437788018433196,0.05192491301837817,0.15668621548427586,-1.9857642025744942,0.0062046517935850825,0.0062046517935850825,1.802930703916735,0.0,1,0.0,0.9960294
0.0,0.0,0.0,0.0,1.0,1.0,2025.0,1.0,0.0,0.0,0.0,0.0,0.0,0.0,-0.006089470998469004,0.9883760879523591,-0.015049446255827171,7.635111656025448,47.38213399503727,0.05987952755389592,0.24867125926667377,-1.7697136983484538,0.022168130053029644,0.022168130053029644,0.6829765545361876,1.0,1,1.0,0.98707724
0.0,0.0,0.0,0.0,0.0,3.0,2025.0,0.0,1.0,0.0,0.0,0.0,0.0,0.0,0.0028523637644158896,0.9812374570917625,-0.011831312302587266,3.484472700416241,32.857911733046365,0.1066078971684061,0.3890203013394251,-0.19321103903691217,0.010443353259322524,0.010443353259322524,2.2931146828844486,1.0,1,1.0,0.9858576
0.0,0.0,0.0,0.0,0.0,3.0,2025.0,0.0,1.0,0.0,0.0,0.0,0.0,0.0,0.0028523637644158896,0.9812374570917625,-0.011831312302587266,3.484472700416241,32.857911733046365,0.1066078971684061,0.3890203013394251,-0.19321103903691217,0.010443353259322524,0.010443353259322524,1.88804935842983,1.0,1,1.0,0.9841914
0.0,0.0,0.0,0.0,1.0,1.0,2025.0,1.0,0.0,0.0,0.0,0.0,0.0,0.0,-0.006089470998469004,0.9883760879523591,-0.015049446255827171,7.635111656025448,47.38213399503727,0.05987952755389592,0.24867125926667377,-1.7697136983484538,0.022168130053029644,0.022168130053029644,0.7648401826484018,1.0,1,1.0,0.97682345
0.0,0.0,0.0,0.0,0.0,3.0,2025.0,0.0,1.0,0.0,0.0,0.0,0.0,0.0,0.004029441787997636,0.9558103312756169,-0.04487775051755168,5.754214107933658,20.064633974989434,0.12770495883866384,0.14858255367946968,-3.852851667999645,0.0045153630279916365,0.0045153630279916365,1.5885086607520067,1.0,1,1.0,0.9688983
0.0,0.0,0.0,0.0,0.0,3.0,2025.0,0.0,1.0,0.0,0.0,0.0,0.0,0.0,0.004029441787997636,0.9558103312756169,-0.04487775051755168,5.754214107933658,20.064633974989434,0.12770495883866384,0.14858255367946968,-3.852851667999645,0.0045153630279916365,0.0045153630279916365,1.5757491094503038,1.0,1,1.0,0.9688983
0.0,0.0,0.0,0.0,0.0,4.0,2025.0,0.0,1.0,0.0,0.0,0.0,0.0,0.0,0.013527458301281518,0.951234868683993,-0.015426505557958596,17.192879921639143,41.572255479147074,0.18668533876063592,0.41736627171489776,-0.8650297984351294,0.017001221187604883,0.017001221187604883,0.5789438827321294,0.0,1,0.0,0.96825045
0.0,0.0,0.0,0.0,0.0,4.0,2025.0,0.0,1.0,0.0,0.0,0.0,0.0,0.0,0.013527458301281518,0.951234868683993,-0.015426505557958596,17.192879921639143,41.572255479147074,0.18668533876063592,0.41736627171489776,-0.8650297984351294,0.017001221187604883,0.017001221187604883,0.43236336658148544,0.0,1,0.0,0.96825045
0.0,0.0,0.0,0.0,3.0,3.0,2025.0,0.0,1.0,0.0,0.0,0.0,0.0,0.0,0.001781996541868081,0.9682999002730229,-0.022606789178547353,4.910064154361271,31.378922365295693,0.1251393218658167,0.3193470378336558,-1.3895671109447534,0.008630968270069267,0.008630968270069267,2.209279465251155,1.0,1,1.0,0.96809703
0.0,0.0,0.0,0.0,3.0,3.0,2025.0,0.0,1.0,0.0,0.0,0.0,0.0,0.0,0.001781996541868081,0.9682999002730229,-0.022606789178547353,4.910064154361271,31.378922365295693,0.1251393218658167,0.3193470378336558,-1.3895671109447534,0.008630968270069267,0.008630968270069267,1.8034825870646765,1.0,1,1.0,0.96809703
0.0,0.0,0.0,0.0,1.0,1.0,2025.0,1.0,0.0,0.0,0.0,0.0,0.0,0.0,0.014978018607504282,0.9884636767588945,-0.003724495980804592,3.5861720538730526,42.16428779493154,0.0550534416146901,0.43234762675017263,-1.108607380108035,-0.012385984988724737,0.012385984988724737,0.6778169014084507,1.0,1,1.0,0.9663448
0.0,0.0,0.0,0.0,1.0,1.0,2025.0,1.0,0.0,0.0,0.0,0.0,0.0,0.0,0.014978018607504282,0.9884636767588945,-0.003724495980804592,3.5861720538730526,42.16428779493154,0.0550534416146901,0.43234762675017263,-1.108607380108035,-0.012385984988724737,0.012385984988724737,0.7443609022556391,1.0,1,1.0,0.9660958
0.0,1.0,0.0,0.0,4.0,11.0,2024.0,0.0,0.0,0.0,1.0,0.0,0.0,1.0,-0.021266378541538195,1.003092711103327,-0.01026308419682736,5.343933944200435,51.277991404659566,0.04338741954955743,0.26345483775303136,-1.4817257899022263,0.013893477542645513,0.013893477542645513,2.0295174137123224,1.0,1,1.0,0.9654657
0.0,1.0,0.0,0.0,3.0,8.0,2024.0,0.0,0.0,1.0,0.0,0.0,0.0,1.0,0.011843649163977564,0.9904693452688855,0.0024520880864091254,4.198817690726438,47.69033361847725,0.04536397717228013,0.5540536398979472,-1.7213913921073747,-0.0029612839542278563,0.0029612839542278563,1.2346798067558316,1.0,1,1.0,0.96164584
0.0,0.0,0.0,0.0,1.0,3.0,2025.0,0.0,1.0,0.0,0.0,0.0,0.0,0.0,-0.004412265758092048,0.9858385043543105,-0.027354257104050657,6.128248526290435,31.90539199470723,0.05032862755405932,-0.04351287594061093,-2.3872108285527833,-0.013561429747760851,0.013561429747760851,0.5877944325481799,0.0,1,0.0,0.9614858
0.0,0.0,0.0,0.0,1.0,3.0,2025.0,0.0,1.0,0.0,0.0,0.0,0.0,0.0,-0.004412265758092048,0.9858385043543105,-0.027354257104050657,6.128248526290435,31.90539199470723,0.05032862755405932,-0.04351287594061093,-2.3872108285527833,-0.013561429747760851,0.013561429747760851,0.6288299639195922,0.0,1,0.0,0.9614858
0.0,1.0,0.0,0.0,3.0,8.0,2024.0,0.0,0.0,1.0,0.0,0.0,0.0,1.0,0.011843649163977564,0.9904693452688855,0.0024520880864091254,4.198817690726438,47.69033361847725,0.04536397717228013,0.5540536398979472,-1.7213913921073747,-0.0029612839542278563,0.0029612839542278563,1.6132852858906837,1.0,1,1.0,0.9573487
0.0,0.0,0.0,0.0,3.0,12.0,2024.0,1.0,0.0,0.0,0.0,0.0,1.0,0.0,0.03420866596548083,0.9885001940790078,-0.00076798645944917,9.659143336755168,48.712021136063356,0.04774546169114941,0.483914985168286,-2.1111336572797876,-0.021643049932523497,0.021643049932523497,0.6113266738215141,0.0,1,0.0,0.955815
0.0,0.0,0.0,0.0,3.0,12.0,2024.0,1.0,0.0,0.0,0.0,0.0,1.0,0.0,0.03420866596548083,0.9885001940790078,-0.00076798645944917,9.659143336755168,48.712021136063356,0.04774546169114941,0.483914985168286,-2.1111336572797876,-0.021643049932523497,0.021643049932523497,0.4296988336331457,0.0,1,0.0,0.955815
0.0,1.0,0.0,0.0,4.0,11.0,2024.0,0.0,0.0,0.0,1.0,0.0,0.0,1.0,-0.021266378541538195,1.003092711103327,-0.01026308419682736,5.343933944200435,51.277991404659566,0.04338741954955743,0.26345483775303136,-1.4817257899022263,0.013893477542645513,0.013893477542645513,1.0732573505120582,1.0,1,1.0,0.9507409
0.0,0.0,0.0,0.0,1.0,11.0,2024.0,0.0,0.0,0.0,1.0,0.0,0.0,0.0,0.010265863888513142,1.0068412200941068,0.015860815266650934,5.744056058220709,71.99665831244772,0.0663172612085288,0.7391657160988298,-0.14406463756040644,-0.011749761829152067,0.011749761829152067,0.3182836260756808,1.0,1,1.0,0.9504429
0.0,0.0,1.0,1.0,1.0,12.0,2024.0,1.0,0.0,0.0,0.0,0.0,0.0,0.0,-0.01599746442691049,0.9918351668587265,-0.01655380549216051,4.379118632782452,36.646445792502725,0.049095347862064445,0.162823338401244,-1.869867802844729,0.010093010716452128,0.010093010716452128,1.6490196078431372,1.0,1,1.0,0.9477492
0.0,1.0,0.0,0.0,2.0,5.0,2024.0,0.0,1.0,0.0,0.0,0.0,0.0,1.0,-0.014184257249950677,0.9906522992676392,-0.019687834652001166,3.743603878613576,33.44492802142621,0.06847633796173037,0.2124870394937849,-0.9594139836280462,-0.004907734589713389,0.004907734589713389,1.2260732205909681,1.0,1,1.0,0.9456722
0.0,1.0,0.0,0.0,2.0,5.0,2024.0,0.0,1.0,0.0,0.0,0.0,0.0,1.0,-0.014184257249950677,0.9906522992676392,-0.019687834652001166,3.743603878613576,33.44492802142621,0.06847633796173037,0.2124870394937849,-0.9594139836280462,-0.004907734589713389,0.004907734589713389,1.5842237963741146,1.0,1,1.0,0.9436814
0.0,0.0,0.0,0.0,4.0,11.0,2024.0,0.0,0.0,0.0,1.0,0.0,0.0,0.0,0.012818118537885528,1.006309702675507,0.027954291700552827,12.098973923435777,65.84668192219668,0.050349030568872556,1.0552101278755324,0.765036079822532,-0.00577283392130709,0.00577283392130709,0.3155041144351304,1.0,1,1.0,0.94232976
0.0,0.0,0.0,0.0,4.0,12.0,2024.0,1.0,0.0,0.0,0.0,0.0,0.0,0.0,0.011114671703968616,0.9859550959287007,-0.002015214410988911,8.162326261549483,46.26967830253248,0.04562373623653401,0.45582969354940306,-1.6577739850406212,-0.011503642820226367,0.011503642820226367,0.3280705351650605,0.0,1,0.0,0.9411661
0.0,1.0,0.0,0.0,3.0,8.0,2024.0,0.0,0.0,1.0,0.0,0.0,0.0,1.0,0.011843649163977564,0.9904693452688855,0.0024520880864091254,4.198817690726438,47.69033361847725,0.04536397717228013,0.5540536398979472,-1.7213913921073747,-0.0029612839542278563,0.0029612839542278563,4.362224039247752,1.0,1,1.0,0.9392449
0.0,1.0,0.0,0.0,3.0,8.0,2024.0,0.0,0.0,1.0,0.0,0.0,0.0,1.0,0.011843649163977564,0.9904693452688855,0.0024520880864091254,4.198817690726438,47.69033361847725,0.04536397717228013,0.5540536398979472,-1.7213913921073747,-0.0029612839542278563,0.0029612839542278563,2.3554517191265476,1.0,1,1.0,0.9392449
1.0,1.0,0.0,0.0,0.0,7.0,2024.0,0.0,0.0,1.0,0.0,0.0,0.0,1.0,-0.0012475919640399047,1.0180785499842335,0.016440303840549085,1.7481933531379732,71.3058098262656,0.06894662172519882,0.7384497373355776,0.4672760443907755,-0.005999927052558772,0.005999927052558772,0.8427762039660056,1.0,1,1.0,0.93796897
1.0,1.0,0.0,0.0,0.0,7.0,2024.0,0.0,0.0,1.0,0.0,0.0,0.0,1.0,-0.0012475919640399047,1.0180785499842335,0.016440303840549085,1.7481933531379732,71.3058098262656,0.06894662172519882,0.7384497373355776,0.4672760443907755,-0.005999927052558772,0.005999927052558772,0.7282741738066095,1.0,1,1.0,0.93796897
1.0,1.0,0.0,0.0,0.0,7.0,2024.0,0.0,0.0,1.0,0.0,0.0,0.0,1.0,-0.0012475919640399047,1.0180785499842335,0.016440303840549085,1.7481933531379732,71.3058098262656,0.06894662172519882,0.7384497373355776,0.4672760443907755,-0.005999927052558772,0.005999927052558772,0.35536531953016126,1.0,1,1.0,0.9376144
1.0,1.0,0.0,0.0,0.0,7.0,2024.0,0.0,0.0,1.0,0.0,0.0,0.0,1.0,-0.0012475919640399047,1.0180785499842335,0.016440303840549085,1.7481933531379732,71.3058098262656,0.06894662172519882,0.7384497373355776,0.4672760443907755,-0.005999927052558772,0.005999927052558772,0.4776558736954777,1.0,1,1.0,0.9376144
0.0,1.0,0.0,0.0,4.0,11.0,2024.0,0.0,0.0,0.0,1.0,0.0,0.0,1.0,-0.021266378541538195,1.003092711103327,-0.01026308419682736,5.343933944200435,51.277991404659566,0.04338741954955743,0.26345483775303136,-1.4817257899022263,0.013893477542645513,0.013893477542645513,1.1580964263434632,1.0,1,1.0,0.9371587
0.0,0.0,0.0,0.0,4.0,6.0,2024.0,0.0,0.0,1.0,0.0,0.0,0.0,0.0,0.01217983498288086,1.0136797391741081,0.02330842926554284,5.470692826320749,62.244695617687974,0.0448876359585898,1.01926168014385,0.9994569407266978,-0.013947052854902584,0.013947052854902584,1.13896218117854,0.0,1,0.0,0.9369546
0.0,0.0,0.0,0.0,4.0,6.0,2024.0,0.0,0.0,1.0,0.0,0.0,0.0,0.0,0.01217983498288086,1.0136797391741081,0.02330842926554284,5.470692826320749,62.244695617687974,0.0448876359585898,1.01926168014385,0.9994569407266978,-0.013947052854902584,0.013947052854902584,1.0723749585955615,0.0,1,0.0,0.9369546
0.0,0.0,0.0,0.0,3.0,1.0,2025.0,1.0,0.0,0.0,0.0,0.0,0.0,0.0,0.015662403392380765,0.9880294130561812,0.003414859875903003,6.927617194964937,50.85476025017375,0.0560462222065505,0.5609293497663057,-0.7775836543011974,0.0036036654425644758,0.0036036654425644758,0.2689279501968324,1.0,1,1.0,0.93368554
0.0,0.0,0.0,0.0,3.0,1.0,2025.0,1.0,0.0,0.0,0.0,0.0,0.0,0.0,0.015662403392380765,0.9880294130561812,0.003414859875903003,6.927617194964937,50.85476025017375,0.0560462222065505,0.5609293497663057,-0.7775836543011974,0.0036036654425644758,0.0036036654425644758,0.2779091769157994,1.0,1,1.0,0.93368554
0.0,1.0,0.0,0.0,4.0,11.0,2024.0,0.0,0.0,0.0,1.0,0.0,0.0,1.0,-0.021266378541538195,1.003092711103327,-0.01026308419682736,5.343933944200435,51.277991404659566,0.04338741954955743,0.26345483775303136,-1.4817257899022263,0.013893477542645513,0.013893477542645513,1.4746935996368586,1.0,1,1.0,0.9321874
0.0,0.0,0.0,0.0,1.0,11.0,2024.0,0.0,0.0,0.0,1.0,0.0,0.0,0.0,0.010265863888513142,1.0068412200941068,0.015860815266650934,5.744056058220709,71.99665831244772,0.0663172612085288,0.7391657160988298,-0.14406463756040644,-0.011749761829152067,0.011749761829152067,0.2076603599446239,1.0,1,1.0,0.93025935
0.0,0.0,0.0,0.0,1.0,6.0,2024.0,0.0,0.0,1.0,0.0,0.0,0.0,0.0,0.00536460129516794,1.003580173522772,0.0032322869338002997,2.42127445779267,52.89790459206425,0.05090629499999269,0.5634948375991764,-0.45416104791314993,-0.012019913305192052,0.012019913305192052,0.6571722717913522,1.0,1,1.0,0.92762774
0.0,0.0,0.0,0.0,2.0,4.0,2025.0,0.0,1.0,0.0,0.0,0.0,0.0,0.0,0.01499555216673019,0.9909206849407018,-0.01169712535460547,7.101815260899079,50.7353915463098,0.0567112163994525,0.29374229478318165,0.13975263631626245,-0.015548764141332784,0.015548764141332784,0.1881633965905436,1.0,1,1.0,0.92413205
0.0,0.0,0.0,0.0,4.0,12.0,2024.0,1.0,0.0,0.0,0.0,0.0,0.0,0.0,0.011114671703968616,0.9859550959287007,-0.002015214410988911,8.162326261549483,46.26967830253248,0.04562373623653401,0.45582969354940306,-1.6577739850406212,-0.011503642820226367,0.011503642820226367,0.2743484224965706,0.0,1,0.0,0.9226231
0.0,0.0,0.0,0.0,1.0,6.0,2024.0,0.0,0.0,1.0,0.0,0.0,0.0,0.0,0.00536460129516794,1.003580173522772,0.0032322869338002997,2.42127445779267,52.89790459206425,0.05090629499999269,0.5634948375991764,-0.45416104791314993,-0.012019913305192052,0.012019913305192052,0.8391761612620509,1.0,1,1.0,0.92079043
0.0,0.0,0.0,0.0,2.0,1.0,2025.0,1.0,0.0,0.0,0.0,0.0,0.0,0.0,-0.006597549481621044,0.9897567896739198,-0.011723147880751086,3.5551188447054938,39.21701435925224,0.05507423654326084,0.28713916675826184,-1.0986754996975447,-0.002501468983463459,0.002501468983463459,1.1995323460639127,1.0,1,1.0,0.91890275
0.0,0.0,0.0,0.0,2.0,1.0,2025.0,1.0,0.0,0.0,0.0,0.0,0.0,0.0,-0.006597549481621044,0.9897567896739198,-0.011723147880751086,3.5551188447054938,39.21701435925224,0.05507423654326084,0.28713916675826184,-1.0986754996975447,-0.002501468983463459,0.002501468983463459,1.239330004831696,1.0,1,1.0,0.91890275
0.0,0.0,0.0,0.0,2.0,9.0,2024.0,0.0,0.0,0.0,1.0,0.0,0.0,0.0,-0.018313124108416515,1.0196431161519086,0.004624109774486809,4.750491553509301,65.87964897618053,0.11061591513918002,0.5418032953817598,0.26498934101937444,-0.0008907892392659897,0.0008907892392659897,0.3313472049543738,1.0,1,1.0,0.9153756
0.0,0.0,0.0,0.0,2.0,9.0,2024.0,0.0,0.0,0.0,1.0,0.0,0.0,0.0,-0.018313124108416515,1.0196431161519086,0.004624109774486809,4.750491553509301,65.87964897618053,0.11061591513918002,0.5418032953817598,0.26498934101937444,-0.0008907892392659897,0.0008907892392659897,0.31669693504629937,1.0,1,1.0,0.9153756
0.0,0.0,0.0,0.0,2.0,4.0,2025.0,0.0,1.0,0.0,0.0,0.0,0.0,0.0,0.01499555216673019,0.9909206849407018,-0.01169712535460547,7.101815260899079,50.7353915463098,0.0567112163994525,0.29374229478318165,0.13975263631626245,-0.015548764141332784,0.015548764141332784,0.2360774818401937,1.0,1,1.0,0.9145731
0.0,0.0,0.0,0.0,1.0,8.0,2024.0,0.0,0.0,1.0,0.0,0.0,0.0,0.0,0.00501182565604227,0.9739351674401462,-0.015681916574520054,6.527923100034155,40.01260239445499,0.09609216741493481,0.33680338370552,-2.034478962683283,-0.0017987633501968078,0.0017987633501968078,0.4662034112444725,1.0,1,1.0,0.9130058
0.0,0.0,0.0,0.0,1.0,8.0,2024.0,0.0,0.0,1.0,0.0,0.0,0.0,0.0,0.00501182565604227,0.9739351674401462,-0.015681916574520054,6.527923100034155,40.01260239445499,0.09609216741493481,0.33680338370552,-2.034478962683283,-0.0017987633501968078,0.0017987633501968078,0.3559027777777778,1.0,1,1.0,0.9130058
0.0,0.0,0.0,0.0,1.0,5.0,2024.0,0.0,1.0,0.0,0.0,0.0,0.0,0.0,-0.0007543042486186375,1.0252796411871659,0.031431163299551784,4.1067444527216255,71.303441084463,0.08180530395635668,0.8842191371395715,2.070099869193788,0.0032350826743348642,0.0032350826743348642,0.663129973474801,0.0,1,0.0,0.910952
0.0,0.0,0.0,0.0,4.0,11.0,2024.0,0.0,0.0,0.0,1.0,0.0,0.0,0.0,0.012818118537885528,1.006309702675507,0.027954291700552827,12.098973923435777,65.84668192219668,0.050349030568872556,1.0552101278755324,0.765036079822532,-0.00577283392130709,0.00577283392130709,0.2056133316626989,1.0,1,1.0,0.9083791
0.0,0.0,0.0,0.0,1.0,5.0,2024.0,0.0,1.0,0.0,0.0,0.0,0.0,0.0,-0.0007543042486186375,1.0252796411871659,0.031431163299551784,4.1067444527216255,71.303441084463,0.08180530395635668,0.8842191371395715,2.070099869193788,0.0032350826743348642,0.0032350826743348642,0.7092198581560284,0.0,1,0.0,0.9073342
0.0,0.0,0.0,0.0,4.0,1.0,2025.0,1.0,0.0,0.0,0.0,0.0,0.0,0.0,-0.013292158968850819,0.9910522644344277,-0.01417283751878104,3.8281679691439736,38.62059765208106,0.054520448048166706,0.24004546869717786,-1.1920310798879166,0.009487666034155635,0.009487666034155635,0.24299736653100312,0.0,1,0.0,0.8987586
0.0,0.0,0.0,0.0,4.0,2.0,2025.0,1.0,0.0,0.0,0.0,0.0,0.0,0.0,0.013004162000434541,1.0037421348657711,0.014350288252306746,5.709741675416407,58.87062187276622,0.06206068087382547,0.7312299518834168,0.4058157807471443,-0.012348328518365693,0.012348328518365693,0.49292845257903495,1.0,1,1.0,0.8963936
0.0,0.0,0.0,0.0,4.0,2.0,2025.0,1.0,0.0,0.0,0.0,0.0,0.0,0.0,0.013004162000434541,1.0037421348657711,0.014350288252306746,5.709741675416407,58.87062187276622,0.06206068087382547,0.7312299518834168,0.4058157807471443,-0.012348328518365693,0.012348328518365693,0.5950288727090133,1.0,1,1.0,0.8963936
0.0,0.0,1.0,1.0,1.0,12.0,2024.0,1.0,0.0,0.0,0.0,0.0,0.0,0.0,-0.01599746442691049,0.9918351668587265,-0.01655380549216051,4.379118632782452,36.646445792502725,0.049095347862064445,0.162823338401244,-1.869867802844729,0.010093010716452128,0.010093010716452128,2.2498662386302835,1.0,1,1.0,0.8945813
0.0,0.0,0.0,0.0,1.0,9.0,2024.0,0.0,0.0,0.0,1.0,0.0,0.0,0.0,-0.009518446531398175,0.997434951883829,-0.011346555124976928,6.7766606820734765,38.87706226716332,0.07388803080515949,0.3464358164464086,-1.667651746496838,0.01159500183755962,0.01159500183755962,4.4636468078122435,1.0,1,1.0,0.88921094
0.0,0.0,0.0,0.0,1.0,9.0,2024.0,0.0,0.0,0.0,1.0,0.0,0.0,0.0,-0.009518446531398175,0.997434951883829,-0.011346555124976928,6.7766606820734765,38.87706226716332,0.07388803080515949,0.3464358164464086,-1.667651746496838,0.01159500183755962,0.01159500183755962,2.3675917543004386,1.0,1,1.0,0.88921094
0.0,0.0,0.0,0.0,1.0,4.0,2025.0,0.0,1.0,0.0,0.0,0.0,0.0,0.0,-0.04048939518848837,0.952368082750693,-0.07691032608940458,28.207420477596127,33.499800239712386,0.15178940827514298,-0.006690993550696997,-5.499235013819982,0.0927927927927929,0.0927927927927929,0.3752762097865618,1.0,1,1.0,0.8857285
0.0,0.0,0.0,0.0,3.0,2.0,2025.0,1.0,0.0,0.0,0.0,0.0,0.0,0.0,4.975206885681805e-05,1.0036026574583983,0.002296527955491806,1.329405882337015,44.859024143170686,0.03246858547364591,0.5707307670473003,0.08752265665778935,-0.0019200529669783468,0.0019200529669783468,1.6596328339312092,1.0,1,1.0,0.88511187
0.0,0.0,0.0,0.0,0.0,5.0,2024.0,0.0,1.0,0.0,0.0,0.0,0.0,0.0,0.010500416529438117,1.0211911692636528,0.026690205849762616,2.8399595067470442,72.87942183339663,0.06055343690461266,0.9407711141451235,1.9421595675591958,-0.011395847697847326,0.011395847697847326,0.7814871016691957,1.0,1,1.0,0.8847994
0.0,0.0,0.0,0.0,0.0,5.0,2024.0,0.0,1.0,0.0,0.0,0.0,0.0,0.0,0.010500416529438117,1.0211911692636528,0.026690205849762616,2.8399595067470442,72.87942183339663,0.06055343690461266,0.9407711141451235,1.9421595675591958,-0.011395847697847326,0.011395847697847326,0.7294617563739377,1.0,1,1.0,0.8847994
0.0,0.0,0.0,0.0,1.0,4.0,2025.0,0.0,1.0,0.0,0.0,0.0,0.0,0.0,-0.04048939518848837,0.952368082750693,-0.07691032608940458,28.207420477596127,33.499800239712386,0.15178940827514298,-0.006690993550696997,-5.499235013819982,0.0927927927927929,0.0927927927927929,0.3615146113439402,1.0,1,1.0,0.883184
0.0,0.0,0.0,0.0,4.0,1.0,2025.0,1.0,0.0,0.0,0.0,0.0,0.0,0.0,-0.013292158968850819,0.9910522644344277,-0.01417283751878104,3.8281679691439736,38.62059765208106,0.054520448048166706,0.24004546869717786,-1.1920310798879166,0.009487666034155635,0.009487666034155635,0.21748446539532892,0.0,1,0.0,0.8809789
0.0,0.0,0.0,0.0,3.0,9.0,2024.0,0.0,0.0,0.0,1.0,0.0,0.0,0.0,0.0192639026357271,0.990962158100825,0.004186594229074223,4.821770421739355,45.03469729600384,0.05880216070098684,0.571197965842843,-1.1924616629760258,-0.0029605263157894816,0.0029605263157894816,0.06516969931604077,0.0,1,0.0,0.88081187
1.0,1.0,0.0,0.0,1.0,4.0,2025.0,0.0,1.0,0.0,0.0,0.0,0.0,1.0,-0.011238933361607403,0.9941545514391543,-0.013738081956132008,9.235464254705487,49.720815478509316,0.062255955476219135,0.2793290320412839,0.11058477056017235,0.027154084910968795,0.027154084910968795,0.4218362282878412,1.0,1,1.0,0.8794469
1.0,1.0,0.0,0.0,1.0,4.0,2025.0,0.0,1.0,0.0,0.0,0.0,0.0,1.0,-0.011238933361607403,0.9941545514391543,-0.013738081956132008,9.235464254705487,49.720815478509316,0.062255955476219135,0.2793290320412839,0.11058477056017235,0.027154084910968795,0.027154084910968795,0.5933682373472949,1.0,1,1.0,0.8794469
1.0,1.0,0.0,0.0,1.0,4.0,2025.0,0.0,1.0,0.0,0.0,0.0,0.0,1.0,-0.011238933361607403,0.9941545514391543,-0.013738081956132008,9.235464254705487,49.720815478509316,0.062255955476219135,0.2793290320412839,0.11058477056017235,0.027154084910968795,0.027154084910968795,0.3923625681913554,1.0,1,1.0,0.8794469
1.0,1.0,0.0,0.0,1.0,4.0,2025.0,0.0,1.0,0.0,0.0,0.0,0.0,1.0,-0.011238933361607403,0.9941545514391543,-0.013738081956132008,9.235464254705487,49.720815478509316,0.062255955476219135,0.2793290320412839,0.11058477056017235,0.027154084910968795,0.027154084910968795,0.3667385761914101,1.0,1,1.0,0.8794469
0.0,0.0,0.0,0.0,1.0,10.0,2024.0,0.0,0.0,0.0,1.0,0.0,1.0,0.0,0.01320034692107548,1.011738508255736,0.02478343992075462,5.796487729649545,72.31638418079083,0.04493559546011736,1.0515324692370258,0.7862596585568467,-0.006411361207817771,0.006411361207817771,0.3648867313915858,0.0,1,0.0,0.86355215
0.0,0.0,0.0,0.0,0.0,2.0,2025.0,1.0,0.0,0.0,0.0,0.0,0.0,0.0,-0.01300251872689793,1.0067132429458794,-0.0009197697512481272,4.44046956976383,49.24394243031514,0.03354853276008246,0.47258390529846034,0.3023917628579018,-0.0007191187526559255,0.0007191187526559255,1.4825046040515655,0.0,1,0.0,0.8597796
0.0,0.0,0.0,0.0,0.0,2.0,2025.0,1.0,0.0,0.0,0.0,0.0,0.0,0.0,-0.01300251872689793,1.0067132429458794,-0.0009197697512481272,4.44046956976383,49.24394243031514,0.03354853276008246,0.47258390529846034,0.3023917628579018,-0.0007191187526559255,0.0007191187526559255,1.650968477022408,0.0,1,0.0,0.8597796
0.0,0.0,0.0,0.0,4.0,3.0,2025.0,0.0,1.0,0.0,0.0,0.0,0.0,0.0,0.00033814447667702676,0.9745889180480292,-0.028387100119161606,3.2812086187782246,33.4666666666667,0.118623615081125,0.2606960460634413,-1.030553455898449,-0.010391165747899712,0.010391165747899712,0.23106667924172405,1.0,1,1.0,0.85639226
0.0,0.0,0.0,0.0,4.0,3.0,2025.0,0.0,1.0,0.0,0.0,0.0,0.0,0.0,0.00033814447667702676,0.9745889180480292,-0.028387100119161606,3.2812086187782246,33.4666666666667,0.118623615081125,0.2606960460634413,-1.030553455898449,-0.010391165747899712,0.010391165747899712,0.2279918109063838,1.0,1,1.0,0.85639226
0.0,0.0,0.0,0.0,1.0,10.0,2024.0,0.0,0.0,0.0,1.0,0.0,0.0,0.0,-0.005901572041944004,1.014913675542652,0.012433578150063128,1.9438286961514446,63.51026940517466,0.042040742260613224,0.7957506809224868,0.5041028736701554,0.0017993625115674474,0.0017993625115674474,1.6564329978964125,1.0,1,1.0,0.8559343
0.0,0.0,0.0,0.0,3.0,8.0,2024.0,0.0,0.0,1.0,0.0,0.0,0.0,0.0,0.01766771253548469,0.9916606283199385,0.00455964319363101,5.425534075089715,47.06028280823617,0.08786229939693115,0.5518953319561116,-0.19530216330610672,-0.01239486498450626,0.01239486498450626,1.687592319054653,0.0,1,0.0,0.85588783
0.0,0.0,0.0,0.0,3.0,10.0,2024.0,0.0,0.0,0.0,1.0,0.0,0.0,0.0,0.0005993150684931896,1.0153368712223538,0.021508664449806945,3.2482718482264885,63.27398352378419,0.04244645289134703,1.0067246609478555,0.8427353065333598,0.006896551724137931,0.006896551724137931,0.6497382679768573,1.0,1,1.0,0.8501344
0.0,0.0,0.0,0.0,3.0,8.0,2024.0,0.0,0.0,1.0,0.0,0.0,0.0,0.0,0.01766771253548469,0.9916606283199385,0.00455964319363101,5.425534075089715,47.06028280823617,0.08786229939693115,0.5518953319561116,-0.19530216330610672,-0.01239486498450626,0.01239486498450626,1.584604715672677,0.0,1,0.0,0.8481456
0.0,0.0,0.0,0.0,4.0,1.0,2025.0,1.0,0.0,0.0,0.0,0.0,0.0,0.0,-0.0054393872640391035,0.9882144691083826,-0.01998488713360688,4.856060131421401,36.43974095719476,0.05524626339215581,0.1382581208841637,-2.096865688247266,0.0009158751696064512,0.0009158751696064512,0.08349844324936315,0.0,1,0.0,0.84679115
0.0,0.0,0.0,0.0,1.0,10.0,2024.0,0.0,0.0,0.0,1.0,0.0,1.0,0.0,0.01320034692107548,1.011738508255736,0.02478343992075462,5.796487729649545,72.31638418079083,0.04493559546011736,1.0515324692370258,0.7862596585568467,-0.006411361207817771,0.006411361207817771,0.2731016107545113,0.0,1,0.0,0.8447681
0.0,0.0,0.0,0.0,1.0,5.0,2024.0,0.0,1.0,0.0,0.0,0.0,0.0,0.0,0.01971191791633771,1.0004421924472742,0.01804716391158114,6.879699848101591,62.3202119606359,0.055836514612044995,0.8232143703269047,0.9061077792528263,-0.01143057777084219,0.01143057777084219,1.1702468739980763,1.0,1,1.0,0.84394175
0.0,0.0,0.0,0.0,1.0,5.0,2024.0,0.0,1.0,0.0,0.0,0.0,0.0,0.0,0.01971191791633771,1.0004421924472742,0.01804716391158114,6.879699848101591,62.3202119606359,0.055836514612044995,0.8232143703269047,0.9061077792528263,-0.01143057777084219,0.01143057777084219,1.3595728830394835,1.0,1,1.0,0.84394175
0.0,0.0,0.0,0.0,3.0,10.0,2024.0,0.0,0.0,0.0,1.0,0.0,0.0,0.0,0.0005993150684931896,1.0153368712223538,0.021508664449806945,3.2482718482264885,63.27398352378419,0.04244645289134703,1.0067246609478555,0.8427353065333598,0.006896551724137931,0.006896551724137931,0.5968953007677381,1.0,1,1.0,0.84366757
0.0,0.0,0.0,0.0,1.0,3.0,2025.0,0.0,1.0,0.0,0.0,0.0,0.0,0.0,0.020074830910922582,0.9574715108416423,-0.03158646531110183,4.207840301145193,28.845880176462202,0.12861083725820444,0.25440277052479227,-2.8455721700896106,-0.008418949771689546,0.008418949771689546,0.9096157017977899,0.0,1,0.0,0.8389214
0.0,0.0,0.0,0.0,1.0,3.0,2025.0,0.0,1.0,0.0,0.0,0.0,0.0,0.0,0.020074830910922582,0.9574715108416423,-0.03158646531110183,4.207840301145193,28.845880176462202,0.12861083725820444,0.25440277052479227,-2.8455721700896106,-0.008418949771689546,0.008418949771689546,0.7944396427542495,0.0,1,0.0,0.8389214
0.0,0.0,0.0,0.0,1.0,2.0,2025.0,1.0,0.0,0.0,0.0,0.0,0.0,0.0,-0.005542450884977671,1.0057853582087062,0.005335200653561966,3.1359719386485696,47.9596813526256,0.048704987301369844,0.6095411568542163,0.21011869649232473,0.005106524081903409,0.005106524081903409,1.0886371808701905,1.0,1,1.0,0.83679
0.0,0.0,0.0,0.0,1.0,2.0,2025.0,1.0,0.0,0.0,0.0,0.0,0.0,0.0,-0.005542450884977671,1.0057853582087062,0.005335200653561966,3.1359719386485696,47.9596813526256,0.048704987301369844,0.6095411568542163,0.21011869649232473,0.005106524081903409,0.005106524081903409,1.31974716652136,1.0,1,1.0,0.83679
0.0,0.0,0.0,0.0,0.0,10.0,2024.0,0.0,0.0,0.0,1.0,0.0,0.0,0.0,0.004478138222849018,1.0117545226963507,0.012877809661512035,2.53091485435046,68.95986895986894,0.07089048899428639,0.681657791393567,-0.21400326689687788,-0.0024095537928487333,0.0024095537928487333,1.933900995814692,1.0,1,1.0,0.823015
0.0,0.0,0.0,0.0,2.0,12.0,2024.0,1.0,0.0,0.0,0.0,0.0,0.0,0.0,0.006651479122669904,1.0130549796239365,0.018121869467026167,2.3246870757132574,59.62059620596204,0.053854650748993475,0.8364959054602142,0.5964656813989047,-0.004205924723882638,0.004205924723882638,1.9138906348208673,0.0,1,0.0,0.82088345
0.0,0.0,0.0,0.0,1.0,8.0,2024.0,0.0,0.0,1.0,0.0,0.0,0.0,0.0,-0.03375888636617409,0.9763156813794175,-0.053247956477885265,15.156223804099678,20.371635469326392,0.08777569697200918,-0.10663666954265849,-4.528514651389507,0.03396255459985756,0.03396255459985756,0.4036847689784894,0.0,1,0.0,0.8144251
0.0,0.0,0.0,0.0,1.0,8.0,2024.0,0.0,0.0,1.0,0.0,0.0,0.0,0.0,-0.03375888636617409,0.9763156813794175,-0.053247956477885265,15.156223804099678,20.371635469326392,0.08777569697200918,-0.10663666954265849,-4.528514651389507,0.03396255459985756,0.03396255459985756,0.3804430168782764,0.0,1,0.0,0.8144251
0.0,0.0,0.0,0.0,0.0,3.0,2025.0,0.0,1.0,0.0,0.0,0.0,0.0,1.0,-0.004466825040987652,0.9882514814433229,-0.010964176157985287,4.4147106360422,39.51355661881967,0.043338694944359525,0.247011852293622,-1.8590804702162866,0.018227037339874703,0.018227037339874703,1.314614085734517,1.0,1,1.0,0.8106192
0.0,0.0,0.0,0.0,0.0,10.0,2024.0,0.0,0.0,0.0,1.0,0.0,0.0,0.0,0.004478138222849018,1.0117545226963507,0.012877809661512035,2.53091485435046,68.95986895986894,0.07089048899428639,0.681657791393567,-0.21400326689687788,-0.0024095537928487333,0.0024095537928487333,2.410939186757827,1.0,1,1.0,0.8034496
0.0,1.0,0.0,0.0,3.0,5.0,2025.0,0.0,1.0,0.0,0.0,0.0,0.0,1.0,0.017294458529518206,1.0380923432551297,0.0537593251377192,5.050702921369093,65.00366837857668,0.1394522521529068,0.8855034558981023,5.426559087998182,-0.003015147958907251,0.003015147958907251,0.7992362247681396,0.0,1,0.0,0.80321836
0.0,1.0,0.0,0.0,3.0,5.0,2025.0,0.0,1.0,0.0,0.0,0.0,0.0,1.0,0.017294458529518206,1.0380923432551297,0.0537593251377192,5.050702921369093,65.00366837857668,0.1394522521529068,0.8855034558981023,5.426559087998182,-0.003015147958907251,0.003015147958907251,0.776158940397351,0.0,1,0.0,0.80321836
0.0,0.0,0.0,0.0,3.0,9.0,2024.0,0.0,0.0,0.0,1.0,0.0,0.0,0.0,0.0192639026357271,0.990962158100825,0.004186594229074223,4.821770421739355,45.03469729600384,0.05880216070098684,0.571197965842843,-1.1924616629760258,-0.0029605263157894816,0.0029605263157894816,0.11347358368676796,0.0,1,0.0,0.7974475
0.0,0.0,0.0,0.0,0.0,2.0,2025.0,1.0,0.0,0.0,0.0,0.0,0.0,0.0,-0.004210004952947116,1.0059122948326744,0.007847409987065854,4.39778125877011,52.41008804656022,0.0605049521386876,0.6296986396928017,0.3119229942523676,-0.0005775101064267124,0.0005775101064267124,1.9043558121228024,0.0,1,0.0,0.7934442
0.0,0.0,0.0,0.0,4.0,4.0,2025.0,0.0,1.0,0.0,0.0,0.0,0.0,0.0,0.055761482675262014,0.9311579321242037,-0.0438556148028068,18.6232467631156,38.309653155035534,0.1868524602878234,0.2652928158652413,-2.846164673949552,-0.06985459451356614,0.06985459451356614,0.588391222591307,1.0,1,1.0,0.793069
0.0,0.0,0.0,0.0,4.0,4.0,2025.0,0.0,1.0,0.0,0.0,0.0,0.0,0.0,0.055761482675262014,0.9311579321242037,-0.0438556148028068,18.6232467631156,38.309653155035534,0.1868524602878234,0.2652928158652413,-2.846164673949552,-0.06985459451356614,0.06985459451356614,0.6101604645569185,1.0,1,1.0,0.793069
0.0,0.0,0.0,0.0,1.0,11.0,2024.0,0.0,0.0,0.0,1.0,0.0,1.0,0.0,0.00284948038887015,1.0205504174986775,0.025626076541281222,4.363284313448492,63.70767170461063,0.058425403160234486,0.9386118906360041,1.576474699930392,-0.005616947514042376,0.005616947514042376,1.8289774421146776,0.0,1,0.0,0.792552
0.0,0.0,0.0,0.0,1.0,11.0,2024.0,0.0,0.0,0.0,1.0,0.0,0.0,0.0,0.0003328894806925057,0.9957452710785929,-0.009917298056417684,5.27131672354958,42.90549336110387,0.042207755873441596,0.2650361207036371,-2.0267538486971075,-0.0011724970687572566,0.0011724970687572566,1.3790858630850409,1.0,1,1.0,0.79202616
0.0,0.0,0.0,0.0,2.0,12.0,2024.0,1.0,0.0,0.0,0.0,0.0,0.0,0.0,0.006651479122669904,1.0130549796239365,0.018121869467026167,2.3246870757132574,59.62059620596204,0.053854650748993475,0.8364959054602142,0.5964656813989047,-0.004205924723882638,0.004205924723882638,2.419867549668874,0.0,1,0.0,0.79011565
0.0,0.0,0.0,0.0,0.0,3.0,2025.0,0.0,1.0,0.0,0.0,0.0,0.0,1.0,-0.004466825040987652,0.9882514814433229,-0.010964176157985287,4.4147106360422,39.51355661881967,0.043338694944359525,0.247011852293622,-1.8590804702162866,0.018227037339874703,0.018227037339874703,1.216788505167633,1.0,1,1.0,0.7888408
0.0,0.0,0.0,0.0,1.0,12.0,2024.0,1.0,0.0,0.0,0.0,0.0,0.0,0.0,0.005076057650700586,1.0132963086990738,0.018677927014121288,2.409392039496102,55.15119079475515,0.06140585732621472,0.804171748875616,0.4971706038723269,-0.00106400665004154,0.00106400665004154,0.17726161369193155,0.0,1,0.0,0.7885407
0.0,0.0,0.0,0.0,4.0,8.0,2024.0,0.0,0.0,1.0,0.0,0.0,0.0,0.0,0.027227150019282692,0.9652558086299644,-0.024397390408607056,7.849579606575101,34.76543800861653,0.09588351862284561,0.2455517824228654,-3.435280288573245,-0.017989017231584928,0.017989017231584928,0.3588618983355825,1.0,1,1.0,0.78817064
0.0,0.0,0.0,0.0,2.0,1.0,2025.0,1.0,0.0,0.0,0.0,0.0,0.0,0.0,0.012633152032251866,0.9857020182508041,-0.016771237353245587,5.794159127947161,51.923861318830674,0.060073760654739974,0.22082258259751059,-1.6659639072920753,-0.015145810514786456,0.015145810514786456,3.703047759915924,1.0,1,1.0,0.7820489
0.0,0.0,0.0,0.0,2.0,1.0,2025.0,1.0,0.0,0.0,0.0,0.0,0.0,0.0,0.012633152032251866,0.9857020182508041,-0.016771237353245587,5.794159127947161,51.923861318830674,0.060073760654739974,0.22082258259751059,-1.6659639072920753,-0.015145810514786456,0.015145810514786456,2.2477790378981193,1.0,1,1.0,0.7820489
0.0,0.0,0.0,0.0,4.0,8.0,2024.0,0.0,0.0,1.0,0.0,0.0,0.0,0.0,-0.018803793651663767,0.9899350404623544,-0.024035846258492165,5.530420418011388,33.71995293326607,0.0497069199454008,0.016448689943096874,-2.2981788819157916,-0.008461677840188366,0.008461677840188366,0.1165185552461955,1.0,1,1.0,0.7805984
0.0,0.0,0.0,0.0,4.0,8.0,2024.0,0.0,0.0,1.0,0.0,0.0,0.0,0.0,-0.018803793651663767,0.9899350404623544,-0.024035846258492165,5.530420418011388,33.71995293326607,0.0497069199454008,0.016448689943096874,-2.2981788819157916,-0.008461677840188366,0.008461677840188366,0.14954963775210495,1.0,1,1.0,0.7805984
0.0,0.0,0.0,0.0,3.0,2.0,2025.0,1.0,0.0,0.0,0.0,0.0,0.0,0.0,4.975206885681805e-05,1.0036026574583983,0.002296527955491806,1.329405882337015,44.859024143170686,0.03246858547364591,0.5707307670473003,0.08752265665778935,-0.0019200529669783468,0.0019200529669783468,1.796892848983322,1.0,1,1.0,0.7787771
0.0,0.0,0.0,0.0,2.0,5.0,2024.0,0.0,1.0,0.0,0.0,0.0,0.0,0.0,-0.0009677052104284295,1.0197214403132473,0.014201478602444376,2.622483555708157,66.26732440685939,0.07681222776661549,0.6848856492692007,0.8664692693152451,-0.007588739290085629,0.007588739290085629,2.0167311946902653,1.0,1,1.0,0.77629066
0.0,0.0,0.0,0.0,4.0,12.0,2024.0,1.0,0.0,0.0,0.0,0.0,0.0,0.0,-0.04096911203292085,0.9962706428677505,-0.03225268188333361,11.86659723762399,26.624143633356965,0.05468265091445219,-0.08981562422405329,-2.8827781696951416,0.028102964913771265,0.028102964913771265,1.519707155355005,0.0,1,0.0,0.7706685
0.0,0.0,0.0,0.0,1.0,11.0,2024.0,0.0,0.0,0.0,1.0,0.0,0.0,0.0,0.0003328894806925057,0.9957452710785929,-0.009917298056417684,5.27131672354958,42.90549336110387,0.042207755873441596,0.2650361207036371,-2.0267538486971075,-0.0011724970687572566,0.0011724970687572566,1.2563206192646232,1.0,1,1.0,0.76871973
0.0,0.0,0.0,0.0,4.0,8.0,2024.0,0.0,0.0,1.0,0.0,0.0,0.0,0.0,0.027227150019282692,0.9652558086299644,-0.024397390408607056,7.849579606575101,34.76543800861653,0.09588351862284561,0.2455517824228654,-3.435280288573245,-0.017989017231584928,0.017989017231584928,0.2033027943781139,1.0,1,1.0,0.76429844
0.0,0.0,0.0,0.0,1.0,12.0,2024.0,1.0,0.0,0.0,0.0,0.0,0.0,0.0,0.005076057650700586,1.0132963086990738,0.018677927014121288,2.409392039496102,55.15119079475515,0.06140585732621472,0.804171748875616,0.4971706038723269,-0.00106400665004154,0.00106400665004154,0.11910629209791358,0.0,1,0.0,0.76048696
0.0,0.0,0.0,0.0,3.0,11.0,2024.0,0.0,0.0,0.0,1.0,0.0,0.0,0.0,0.0029527727047739647,1.006104080850697,0.002748671105842847,5.089698419354626,61.48952095808375,0.06345120456498873,0.5433194471986355,-0.9504742063464375,0.0008883270410167617,0.0008883270410167617,0.06913134956417193,0.0,1,0.0,0.7560425
0.0,0.0,0.0,0.0,3.0,11.0,2024.0,0.0,0.0,0.0,1.0,0.0,0.0,0.0,0.0029527727047739647,1.006104080850697,0.002748671105842847,5.089698419354626,61.48952095808375,0.06345120456498873,0.5433194471986355,-0.9504742063464375,0.0008883270410167617,0.0008883270410167617,0.07091105287498073,0.0,1,0.0,0.7560425
0.0,0.0,0.0,0.0,1.0,11.0,2024.0,0.0,0.0,0.0,1.0,0.0,1.0,0.0,0.00284948038887015,1.0205504174986775,0.025626076541281222,4.363284313448492,63.70767170461063,0.058425403160234486,0.9386118906360041,1.576474699930392,-0.005616947514042376,0.005616947514042376,2.2940296647139475,0.0,1,0.0,0.7516806
0.0,0.0,0.0,0.0,2.0,4.0,2025.0,0.0,1.0,0.0,0.0,0.0,0.0,0.0,0.01587496169169484,0.9349870840366665,-0.10045819731025427,24.47014977477455,27.647610121836934,0.17938707017641078,-0.06000801624923583,-6.336633193553812,-0.044248306028001845,0.044248306028001845,0.2320277523849706,0.0,1,0.0,0.75003964
0.0,0.0,0.0,0.0,2.0,5.0,2024.0,0.0,1.0,0.0,0.0,0.0,0.0,0.0,-0.0009677052104284295,1.0197214403132473,0.014201478602444376,2.622483555708157,66.26732440685939,0.07681222776661549,0.6848856492692007,0.8664692693152451,-0.007588739290085629,0.007588739290085629,2.943491422805247,1.0,1,1.0,0.7495382
0.0,0.0,0.0,0.0,3.0,5.0,2024.0,0.0,1.0,0.0,0.0,0.0,0.0,0.0,-0.011444612394731239,0.9917142573543215,-0.010546116039707877,3.720796957638373,41.167219989516,0.0632173014014855,0.3331767442471048,-0.788427980861337,0.01941125852994746,0.01941125852994746,0.18562437289063213,0.0,1,0.0,0.7471775
0.0,0.0,0.0,0.0,1.0,10.0,2024.0,0.0,0.0,0.0,1.0,0.0,0.0,0.0,-0.005901572041944004,1.014913675542652,0.012433578150063128,1.9438286961514446,63.51026940517466,0.042040742260613224,0.7957506809224868,0.5041028736701554,0.0017993625115674474,0.0017993625115674474,2.2110495560446233,1.0,1,1.0,0.7463983
0.0,0.0,0.0,0.0,0.0,2.0,2025.0,1.0,0.0,0.0,0.0,0.0,0.0,0.0,-0.004210004952947116,1.0059122948326744,0.007847409987065854,4.39778125877011,52.41008804656022,0.0605049521386876,0.6296986396928017,0.3119229942523676,-0.0005775101064267124,0.0005775101064267124,2.597995346339717,0.0,1,0.0,0.7434006
0.0,0.0,0.0,0.0,3.0,4.0,2025.0,0.0,1.0,0.0,0.0,0.0,0.0,0.0,0.04167235961196867,0.9317275933061673,-0.03192439060494964,20.524194990300995,42.34899680444234,0.18195101888527085,0.32454404047564245,-4.081655851634448,0.030388962632235252,0.030388962632235252,2.2514862738240953,0.0,1,0.0,0.74175227
0.0,0.0,0.0,0.0,2.0,10.0,2024.0,0.0,0.0,0.0,1.0,0.0,0.0,0.0,-0.0003791665230430307,1.013238167949625,0.01559162002955823,4.363547868418421,64.57318636247112,0.041256411588527976,0.8779199263634876,0.6928744923595804,-0.0066597045077125645,0.0066597045077125645,2.6996724615772236,0.0,1,0.0,0.7392224
0.0,0.0,0.0,0.0,2.0,3.0,2025.0,0.0,1.0,0.0,0.0,0.0,0.0,0.0,-0.02618583947697882,0.9648165575478831,-0.05724064437601953,8.31704094013956,15.14143094841927,0.0990400928537138,-0.07795426808177837,-4.155092816755967,0.007533022669142557,0.007533022669142557,1.5918341388959552,0.0,1,0.0,0.73762447
0.0,0.0,0.0,0.0,2.0,10.0,2024.0,0.0,0.0,0.0,1.0,0.0,0.0,0.0,-0.0003791665230430307,1.013238167949625,0.01559162002955823,4.363547868418421,64.57318636247112,0.041256411588527976,0.8779199263634876,0.6928744923595804,-0.0066597045077125645,0.0066597045077125645,1.9752972624204994,0.0,1,0.0,0.7296891
0.0,0.0,0.0,0.0,3.0,4.0,2025.0,0.0,1.0,0.0,0.0,0.0,0.0,0.0,-0.022052647568668853,0.9863729659771505,-0.02928532261336444,7.493284993908502,45.26004728132389,0.05758594806638244,-0.00854980419191269,-0.520915482936684,0.0008585379813626038,0.0008585379813626038,2.167794316644114,1.0,1,1.0,0.729491
0.0,0.0,0.0,0.0,1.0,8.0,2024.0,0.0,0.0,1.0,0.0,0.0,0.0,0.0,0.010975917969455044,1.0163683477651442,0.03307789489215324,7.31881684426949,58.926402720427475,0.0859624419747397,0.8847947328191684,2.3683928334295756,-0.0005773463717387802,0.0005773463717387802,0.7186963979416809,1.0,1,1.0,0.727484
0.0,0.0,0.0,0.0,3.0,4.0,2025.0,0.0,1.0,0.0,0.0,0.0,0.0,0.0,0.04167235961196867,0.9317275933061673,-0.03192439060494964,20.524194990300995,42.34899680444234,0.18195101888527085,0.32454404047564245,-4.081655851634448,0.030388962632235252,0.030388962632235252,1.754003592804175,0.0,1,0.0,0.7254873
0.0,0.0,0.0,0.0,4.0,12.0,2024.0,1.0,0.0,0.0,0.0,0.0,0.0,0.0,-0.04096911203292085,0.9962706428677505,-0.03225268188333361,11.86659723762399,26.624143633356965,0.05468265091445219,-0.08981562422405329,-2.8827781696951416,0.028102964913771265,0.028102964913771265,2.0319522255740936,0.0,1,0.0,0.7182096
0.0,0.0,0.0,0.0,2.0,4.0,2025.0,0.0,1.0,0.0,0.0,0.0,0.0,0.0,0.01587496169169484,0.9349870840366665,-0.10045819731025427,24.47014977477455,27.647610121836934,0.17938707017641078,-0.06000801624923583,-6.336633193553812,-0.044248306028001845,0.044248306028001845,0.3619193167442983,0.0,1,0.0,0.7170765
0.0,0.0,0.0,0.0,2.0,2.0,2025.0,1.0,0.0,0.0,0.0,0.0,0.0,0.0,0.001724395218119354,1.0061488780877557,0.005792662627338734,1.4586569164793501,49.33418899406382,0.04295727904366813,0.6348470563382335,0.19564366267318967,0.00039809577520860066,0.00039809577520860066,0.17313270485859317,1.0,1,1.0,0.71188575
0.0,0.0,0.0,0.0,2.0,10.0,2024.0,0.0,0.0,0.0,1.0,0.0,0.0,0.0,0.004615006668070463,1.0085986372873252,0.013808644680860507,1.9945300198222293,64.94720965309196,0.06621631000804466,0.708538420204673,-0.25349631593572486,0.00038619527437423604,0.00038619527437423604,0.8533461415305795,0.0,1,0.0,0.70741165
0.0,0.0,0.0,0.0,2.0,10.0,2024.0,0.0,0.0,0.0,1.0,0.0,0.0,0.0,0.004615006668070463,1.0085986372873252,0.013808644680860507,1.9945300198222293,64.94720965309196,0.06621631000804466,0.708538420204673,-0.25349631593572486,0.00038619527437423604,0.00038619527437423604,0.8174846625766872,0.0,1,0.0,0.70741165
0.0,0.0,0.0,0.0,3.0,4.0,2025.0,0.0,1.0,0.0,0.0,0.0,0.0,0.0,-0.022052647568668853,0.9863729659771505,-0.02928532261336444,7.493284993908502,45.26004728132389,0.05758594806638244,-0.00854980419191269,-0.520915482936684,0.0008585379813626038,0.0008585379813626038,3.2468585326307258,1.0,1,1.0,0.70210403
0.0,0.0,0.0,0.0,2.0,7.0,2024.0,0.0,0.0,1.0,0.0,0.0,0.0,0.0,0.008788301592766454,1.0181824238111938,0.030210896130440517,6.067365985331358,73.47298355520746,0.07794916581104912,0.8875717695770157,0.6960977824502432,-0.004778907884296288,0.004778907884296288,1.797175866495507,0.0,0,0.0,0.29545224
0.0,0.0,0.0,0.0,0.0,6.0,2024.0,0.0,0.0,1.0,0.0,0.0,0.0,0.0,0.015128131847194323,1.0040149785924921,0.014177119762109192,4.142469070489111,61.45023328149306,0.03924770354422887,0.8612216380031704,-0.04745534021242115,-0.008313651393481298,0.008313651393481298,0.4441823899371069,0.0,0,0.0,0.2951473
0.0,0.0,0.0,0.0,0.0,6.0,2024.0,0.0,0.0,1.0,0.0,0.0,0.0,0.0,0.015128131847194323,1.0040149785924921,0.014177119762109192,4.142469070489111,61.45023328149306,0.03924770354422887,0.8612216380031704,-0.04745534021242115,-0.008313651393481298,0.008313651393481298,0.5352913311226907,0.0,0,0.0,0.2951473
0.0,0.0,0.0,0.0,2.0,10.0,2024.0,0.0,0.0,0.0,1.0,0.0,0.0,0.0,-0.006547848314016415,1.018277999430037,0.010490880592761445,2.68478490758092,75.46387251691772,0.06871874231179032,0.6526640366199119,0.5772409637354787,-0.003802148737268145,0.003802148737268145,0.18261050010375598,0.0,0,0.0,0.29372165
0.0,0.0,0.0,1.0,4.0,5.0,2024.0,0.0,1.0,0.0,0.0,0.0,0.0,0.0,-0.008545710053553115,1.0103261281868827,0.0024401275665274875,3.458253894664074,55.38858887062697,0.07105959060085033,0.5343391728814476,-0.26636514532518163,0.005556934710791304,0.005556934710791304,1.3204110836477168,0.0,0,0.0,0.2929771
0.0,0.0,0.0,0.0,3.0,6.0,2024.0,0.0,0.0,1.0,0.0,0.0,0.0,0.0,0.002095973524544928,1.022200465929927,0.020309790050739226,2.5437020265659585,68.09010773751221,0.06467793344814557,0.8140142080609649,0.9030824688089938,-0.003955609273706129,0.003955609273706129,2.3424579412603364,1.0,0,1.0,0.2911177
0.0,0.0,0.0,0.0,4.0,10.0,2024.0,0.0,0.0,0.0,1.0,0.0,0.0,0.0,0.0021856767666085155,1.0129800137137248,0.01118709095614559,2.7073363293045274,74.14733969986358,0.06991181303144259,0.6600171769413881,-0.10646663596704364,0.00045849718729608493,0.00045849718729608493,0.20967741935483872,0.0,0,0.0,0.2900301
0.0,0.0,0.0,0.0,4.0,10.0,2024.0,0.0,0.0,0.0,1.0,0.0,0.0,0.0,0.0021856767666085155,1.0129800137137248,0.01118709095614559,2.7073363293045274,74.14733969986358,0.06991181303144259,0.6600171769413881,-0.10646663596704364,0.00045849718729608493,0.00045849718729608493,0.2128356254092993,0.0,0,0.0,0.2900301
0.0,0.0,0.0,0.0,3.0,2.0,2025.0,1.0,0.0,0.0,0.0,0.0,0.0,0.0,0.0019111163266332272,0.997240345354858,-0.008680307940309075,6.461820950784006,51.59298592244995,0.03493162707416482,0.2515057651944026,-1.1985500634059756,-0.001155391828533246,0.001155391828533246,1.467291356511078,1.0,0,1.0,0.28209868
0.0,0.0,0.0,0.0,3.0,11.0,2024.0,0.0,0.0,0.0,1.0,0.0,0.0,0.0,-0.0003845382197552635,1.0218182377564051,0.02203018146825737,1.4304649593707384,64.92551750822207,0.06370251321746194,0.8458290788787675,1.3347960643701784,0.0027158424140821535,0.0027158424140821535,0.14733542319749215,1.0,0,1.0,0.28134215
0.0,0.0,0.0,1.0,2.0,7.0,2024.0,0.0,0.0,1.0,0.0,0.0,0.0,0.0,0.007773929703043094,0.990047081364043,-0.006197305874501192,3.389213773127537,44.76061427280942,0.04602688923903551,0.3653546660015154,-2.2474280704974197,-0.004785039875332319,0.004785039875332319,0.8997593090754638,1.0,0,1.0,0.28076255
0.0,0.0,0.0,0.0,3.0,3.0,2025.0,0.0,1.0,0.0,0.0,0.0,0.0,0.0,-0.02249198591623317,0.9608204067213312,-0.05615026140575963,8.89981629023607,13.472930155668806,0.1109253764349557,-0.006198520215840381,-4.394462554542837,0.019301503410349,0.019301503410349,1.035270295724242,1.0,0,1.0,0.27649423
0.0,0.0,0.0,0.0,0.0,11.0,2024.0,0.0,0.0,0.0,1.0,0.0,0.0,0.0,-0.0200183961869722,1.0138054499555642,0.0003679518230689914,5.463367093650574,52.733656579167324,0.06352567505877608,0.5057921749391652,-0.14257709836745747,0.013371521540182525,0.013371521540182525,1.9232673267326732,0.0,0,0.0,0.27436867
0.0,0.0,0.0,0.0,2.0,12.0,2024.0,1.0,0.0,0.0,0.0,0.0,0.0,0.0,-0.007239223428759423,1.0124217995058027,0.008957739132179227,1.9295776739976818,80.77595246417337,0.045365437747014,0.6974573502879697,0.08074615637114047,0.005941642806308929,0.005941642806308929,0.6741756447926869,1.0,0,1.0,0.27176952
0.0,0.0,0.0,0.0,3.0,2.0,2025.0,1.0,0.0,0.0,0.0,0.0,0.0,0.0,0.0019111163266332272,0.997240345354858,-0.008680307940309075,6.461820950784006,51.59298592244995,0.03493162707416482,0.2515057651944026,-1.1985500634059756,-0.001155391828533246,0.001155391828533246,1.89987526930491,1.0,0,1.0,0.27130038
0.0,0.0,0.0,0.0,1.0,3.0,2025.0,0.0,1.0,0.0,0.0,0.0,0.0,0.0,0.02017075773745983,0.9861441891242104,-0.002538130652427283,4.997756496663954,41.99821852731594,0.0974329044061027,0.4739499641532978,0.6688259532102041,-0.012939586003476314,0.012939586003476314,0.26718733943068546,1.0,0,1.0,0.27120477
0.0,0.0,0.0,0.0,1.0,3.0,2025.0,0.0,1.0,0.0,0.0,0.0,0.0,0.0,0.02017075773745983,0.9861441891242104,-0.002538130652427283,4.997756496663954,41.99821852731594,0.0974329044061027,0.4739499641532978,0.6688259532102041,-0.012939586003476314,0.012939586003476314,0.2749576988155668,1.0,0,1.0,0.27120477
0.0,0.0,0.0,0.0,3.0,5.0,2024.0,0.0,1.0,0.0,0.0,0.0,0.0,0.0,0.007832009080590212,1.0263555604703452,0.03352210006382759,3.339291841088406,89.89090909090918,0.08232515123306759,0.9071914786882627,2.0650490452464663,-0.002434467530996931,0.002434467530996931,1.3830584707646176,0.0,0,0.0,0.2660662
0.0,0.0,0.0,0.0,4.0,5.0,2024.0,0.0,1.0,0.0,0.0,0.0,0.0,0.0,0.00927976781486293,1.0252593942861494,0.032207167844969596,4.1669353246672935,72.04388459975624,0.08072520465785206,0.898972885624475,2.153979250501887,-0.012314945780292264,0.012314945780292264,0.10541546093427036,1.0,0,1.0,0.262401
0.0,0.0,0.0,0.0,2.0,12.0,2024.0,1.0,0.0,0.0,0.0,0.0,0.0,0.0,-0.007239223428759423,1.0124217995058027,0.008957739132179227,1.9295776739976818,80.77595246417337,0.045365437747014,0.6974573502879697,0.08074615637114047,0.005941642806308929,0.005941642806308929,0.5655984661736511,1.0,0,1.0,0.26201066
0.0,0.0,0.0,1.0,4.0,5.0,2024.0,0.0,1.0,0.0,0.0,0.0,0.0,0.0,-0.008545710053553115,1.0103261281868827,0.0024401275665274875,3.458253894664074,55.38858887062697,0.07105959060085033,0.5343391728814476,-0.26636514532518163,0.005556934710791304,0.005556934710791304,1.1838115232097037,0.0,0,0.0,0.26104692
0.0,0.0,0.0,0.0,1.0,9.0,2024.0,0.0,0.0,0.0,1.0,0.0,0.0,0.0,0.007207978732894367,1.0022902236806073,0.014000799019629665,6.878036056896254,51.65961238583204,0.04525349825020403,0.8093860046403494,0.5120615678972849,-0.0037327360955580844,0.0037327360955580844,0.4479840716774514,1.0,0,1.0,0.257318
0.0,0.0,0.0,0.0,1.0,9.0,2024.0,0.0,0.0,0.0,1.0,0.0,0.0,0.0,0.007207978732894367,1.0022902236806073,0.014000799019629665,6.878036056896254,51.65961238583204,0.04525349825020403,0.8093860046403494,0.5120615678972849,-0.0037327360955580844,0.0037327360955580844,0.588171223178303,1.0,0,1.0,0.257318
0.0,0.0,0.0,0.0,2.0,7.0,2024.0,0.0,0.0,1.0,0.0,0.0,0.0,0.0,-0.003065537194579878,1.0040519786072957,-0.002291038083515679,3.3425633875747742,54.907908992416104,0.045185760817658856,0.4492973440734824,-1.2798321922912113,-0.005968265416516514,0.005968265416516514,0.38816721049067293,0.0,0,0.0,0.25590286
0.0,0.0,0.0,0.0,2.0,10.0,2024.0,0.0,0.0,0.0,1.0,0.0,0.0,0.0,-0.006547848314016415,1.018277999430037,0.010490880592761445,2.68478490758092,75.46387251691772,0.06871874231179032,0.6526640366199119,0.5772409637354787,-0.003802148737268145,0.003802148737268145,0.14350945857795172,0.0,0,0.0,0.25499886
0.0,0.0,0.0,0.0,3.0,5.0,2024.0,0.0,1.0,0.0,0.0,0.0,0.0,0.0,0.007832009080590212,1.0263555604703452,0.03352210006382759,3.339291841088406,89.89090909090918,0.08232515123306759,0.9071914786882627,2.0650490452464663,-0.002434467530996931,0.002434467530996931,1.5836909871244635,0.0,0,0.0,0.2546637
0.0,0.0,0.0,0.0,1.0,5.0,2024.0,0.0,1.0,0.0,0.0,0.0,0.0,0.0,-0.0023360459550024457,1.0219935279026844,0.024502915983681206,2.7272421967919027,70.46396841066138,0.06413363812508079,0.8820602838075842,1.8596305115107905,0.0012653616825475337,0.0012653616825475337,2.3332089204068303,0.0,0,0.0,0.2515752
0.0,0.0,0.0,0.0,1.0,5.0,2024.0,0.0,1.0,0.0,0.0,0.0,0.0,0.0,-0.0023360459550024457,1.0219935279026844,0.024502915983681206,2.7272421967919027,70.46396841066138,0.06413363812508079,0.8820602838075842,1.8596305115107905,0.0012653616825475337,0.0012653616825475337,4.1543445755108825,0.0,0,0.0,0.2515752
0.0,0.0,0.0,0.0,4.0,7.0,2024.0,0.0,0.0,1.0,0.0,0.0,0.0,0.0,-0.016295636687444305,1.017528763397244,0.005966889505894924,3.9066648179686534,58.225108225108045,0.06007791966561365,0.5993191764812413,-0.08931456193182807,0.005839782172542259,0.005839782172542259,0.25972141613464883,0.0,0,0.0,0.25029856
0.0,0.0,0.0,0.0,4.0,7.0,2024.0,0.0,0.0,1.0,0.0,0.0,0.0,0.0,-0.016295636687444305,1.017528763397244,0.005966889505894924,3.9066648179686534,58.225108225108045,0.06007791966561365,0.5993191764812413,-0.08931456193182807,0.005839782172542259,0.005839782172542259,0.28269109286165506,0.0,0,0.0,0.25029856
0.0,0.0,0.0,0.0,0.0,9.0,2024.0,0.0,0.0,0.0,1.0,0.0,0.0,0.0,0.011870717099228444,0.9971939316974194,0.011929387809432099,7.745948618469098,51.41065830721015,0.047266040550300426,0.7523881347060765,0.04843525835653306,-0.007710017668790378,0.007710017668790378,0.6509930402308606,0.0,0,0.0,0.24754825
0.0,0.0,0.0,0.0,0.0,8.0,2024.0,0.0,0.0,1.0,0.0,0.0,0.0,0.0,0.0172894794802143,1.0080326622221238,0.02287241504056926,7.97687720852977,57.17903266649782,0.08205032273176953,0.7787608174966162,1.632887261140315,-0.01587702978523556,0.01587702978523556,1.3984615384615384,0.0,0,0.0,0.24322197
0.0,0.0,0.0,0.0,0.0,8.0,2024.0,0.0,0.0,1.0,0.0,0.0,0.0,0.0,0.0172894794802143,1.0080326622221238,0.02287241504056926,7.97687720852977,57.17903266649782,0.08205032273176953,0.7787608174966162,1.632887261140315,-0.01587702978523556,0.01587702978523556,1.3963133640552996,0.0,0,0.0,0.24322197
0.0,0.0,0.0,0.0,4.0,11.0,2024.0,0.0,0.0,0.0,1.0,0.0,0.0,0.0,-0.010763143776824156,1.0191311953452378,0.008509017234987922,3.8300430806959063,58.50767085076703,0.06414725779141447,0.6326481836940936,0.6566817109674252,-0.0023582933315492286,0.0023582933315492286,1.8841121495327102,1.0,0,1.0,0.2425521
0.0,0.0,0.0,0.0,0.0,9.0,2024.0,0.0,0.0,0.0,1.0,0.0,0.0,0.0,0.011870717099228444,0.9971939316974194,0.011929387809432099,7.745948618469098,51.41065830721015,0.047266040550300426,0.7523881347060765,0.04843525835653306,-0.007710017668790378,0.007710017668790378,0.693740955137482,0.0,0,0.0,0.2418374
0.0,0.0,0.0,1.0,3.0,10.0,2024.0,0.0,0.0,0.0,1.0,0.0,0.0,0.0,-0.01292437609419514,1.0071345648817105,-0.002513440708722556,3.3268979545486363,56.717538153615195,0.04324543161130313,0.44187962485115734,-0.8068324197831496,-0.0008745905715706461,0.0008745905715706461,0.7717273710782546,1.0,0,1.0,0.24058303
0.0,0.0,0.0,0.0,2.0,5.0,2024.0,0.0,1.0,0.0,0.0,0.0,0.0,0.0,0.003929838013994188,1.0225001938233647,0.027940987409823297,2.849461352600125,68.5251420155691,0.06866780159537597,0.9069008583450088,1.8777137407029985,0.0011899506746252703,0.0011899506746252703,0.4409391641116669,1.0,0,1.0,0.23973736
0.0,0.0,0.0,0.0,2.0,5.0,2024.0,0.0,1.0,0.0,0.0,0.0,0.0,0.0,0.003929838013994188,1.0225001938233647,0.027940987409823297,2.849461352600125,68.5251420155691,0.06866780159537597,0.9069008583450088,1.8777137407029985,0.0011899506746252703,0.0011899506746252703,0.47492830451029805,1.0,0,1.0,0.23973736
0.0,0.0,0.0,0.0,0.0,4.0,2025.0,0.0,1.0,0.0,0.0,0.0,0.0,0.0,-0.10859645920788466,0.9643055255594878,-0.12276063794989991,29.48151234248197,20.750434979953127,0.13448494663974017,-0.4128206614733806,-5.168662402093995,0.027839267624657698,0.027839267624657698,4.006459864500403,1.0,0,1.0,0.23596247
0.0,0.0,0.0,0.0,0.0,4.0,2025.0,0.0,1.0,0.0,0.0,0.0,0.0,0.0,-0.10859645920788466,0.9643055255594878,-0.12276063794989991,29.48151234248197,20.750434979953127,0.13448494663974017,-0.4128206614733806,-5.168662402093995,0.027839267624657698,0.027839267624657698,2.2614962071671463,1.0,0,1.0,0.23596247
0.0,0.0,0.0,0.0,2.0,10.0,2024.0,0.0,0.0,0.0,1.0,0.0,0.0,0.0,0.0043575611436444586,1.0095145093883258,0.011342655025969511,1.098521733959394,71.74821002386635,0.04380516087720595,0.7589342168555229,-0.2036205679670724,-0.0032618025751072572,0.0032618025751072572,0.09231367214070547,0.0,0,0.0,0.23003083
0.0,0.0,0.0,0.0,4.0,5.0,2024.0,0.0,1.0,0.0,0.0,0.0,0.0,0.0,0.00927976781486293,1.0252593942861494,0.032207167844969596,4.1669353246672935,72.04388459975624,0.08072520465785206,0.898972885624475,2.153979250501887,-0.012314945780292264,0.012314945780292264,0.1325708344164284,1.0,0,1.0,0.22761217
0.0,0.0,0.0,0.0,3.0,8.0,2024.0,0.0,0.0,1.0,0.0,0.0,0.0,0.0,0.0022137322812154268,1.0271925470300198,0.03386382452808812,3.4730865235354536,55.68325334680476,0.09224367793798399,0.8671126876668446,2.8031454519720556,0.0025953569958294073,0.0025953569958294073,1.2608998953610047,0.0,0,0.0,0.22539079
0.0,0.0,0.0,1.0,3.0,10.0,2024.0,0.0,0.0,0.0,1.0,0.0,0.0,0.0,-0.01292437609419514,1.0071345648817105,-0.002513440708722556,3.3268979545486363,56.717538153615195,0.04324543161130313,0.44187962485115734,-0.8068324197831496,-0.0008745905715706461,0.0008745905715706461,1.0308285163776494,1.0,0,1.0,0.22106671
0.0,0.0,0.0,0.0,4.0,11.0,2024.0,0.0,0.0,0.0,1.0,0.0,0.0,0.0,-0.010763143776824156,1.0191311953452378,0.008509017234987922,3.8300430806959063,58.50767085076703,0.06414725779141447,0.6326481836940936,0.6566817109674252,-0.0023582933315492286,0.0023582933315492286,2.7155172413793105,1.0,0,1.0,0.22004908
0.0,0.0,0.0,0.0,3.0,8.0,2024.0,0.0,0.0,1.0,0.0,0.0,0.0,0.0,0.0022137322812154268,1.0271925470300198,0.03386382452808812,3.4730865235354536,55.68325334680476,0.09224367793798399,0.8671126876668446,2.8031454519720556,0.0025953569958294073,0.0025953569958294073,1.410456496293406,0.0,0,0.0,0.21778756
0.0,0.0,0.0,0.0,3.0,12.0,2024.0,1.0,0.0,0.0,0.0,0.0,0.0,0.0,0.004254755558498833,1.0123230287748988,0.013579559980149593,1.9665146833904983,83.02185619258788,0.047019648671615163,0.7888060707341548,0.021420785211494042,0.001044083526682127,0.001044083526682127,0.8004073319755601,0.0,0,0.0,0.21673064
0.0,0.0,0.0,0.0,0.0,4.0,2025.0,0.0,1.0,0.0,0.0,0.0,0.0,0.0,-0.02603231597845615,0.9848740116751642,-0.03792581098056618,8.092352562754117,42.3281234038206,0.18307880323228407,0.29284433636783597,1.0420892775754673,0.007100480271211944,0.007100480271211944,0.11143939880531825,0.0,0,0.0,0.2149281
0.0,0.0,0.0,0.0,0.0,10.0,2024.0,0.0,0.0,0.0,1.0,0.0,0.0,0.0,0.006138142694575581,1.0160009209163117,0.018222980350296996,2.1522616011957445,66.32311977715855,0.04283810227519838,0.9253918680437766,0.7900277117487713,-0.0074783947976384095,0.0074783947976384095,0.971124097628051,1.0,0,1.0,0.2081383
0.0,0.0,0.0,0.0,0.0,10.0,2024.0,0.0,0.0,0.0,1.0,1.0,0.0,0.0,0.013520122973728356,1.0100389145473156,0.02144305105542825,4.585359309800659,65.25119617224885,0.05167684316543454,0.9149450651771046,0.3837509685999301,-0.007076453448036505,0.007076453448036505,0.6917890923727108,0.0,0,0.0,0.20727876
0.0,0.0,0.0,0.0,3.0,12.0,2024.0,1.0,0.0,0.0,0.0,0.0,0.0,0.0,0.004254755558498833,1.0123230287748988,0.013579559980149593,1.9665146833904983,83.02185619258788,0.047019648671615163,0.7888060707341548,0.021420785211494042,0.001044083526682127,0.001044083526682127,0.8811659192825112,0.0,0,0.0,0.1986432
0.0,0.0,0.0,0.0,0.0,10.0,2024.0,0.0,0.0,0.0,1.0,1.0,0.0,0.0,0.013520122973728356,1.0100389145473156,0.02144305105542825,4.585359309800659,65.25119617224885,0.05167684316543454,0.9149450651771046,0.3837509685999301,-0.007076453448036505,0.007076453448036505,0.6428237494156148,0.0,0,0.0,0.19490907
0.0,0.0,1.0,1.0,0.0,9.0,2024.0,0.0,0.0,0.0,1.0,0.0,0.0,0.0,-0.005656108597285068,1.0184620461751839,0.018904443146191628,2.5803255608496225,73.1828442437923,0.0650111684615427,0.7907876230124141,1.2568560931222574,0.004808953396869808,0.004808953396869808,1.7414601473543203,0.0,0,0.0,0.19013509
0.0,0.0,0.0,0.0,0.0,11.0,2024.0,0.0,0.0,0.0,1.0,1.0,0.0,0.0,0.0133087875154115,1.0134947374390675,0.031082148193784603,11.308901361316323,65.02636203866419,0.0554606971478275,1.0604355839764656,1.4086967643801778,-0.007492959635241911,0.007492959635241911,0.3340055457524578,1.0,0,1.0,0.18805954
0.0,0.0,0.0,0.0,3.0,3.0,2025.0,0.0,1.0,0.0,0.0,0.0,0.0,0.0,-0.02249198591623317,0.9608204067213312,-0.05615026140575963,8.89981629023607,13.472930155668806,0.1109253764349557,-0.006198520215840381,-4.394462554542837,0.019301503410349,0.019301503410349,1.1409517878457627,1.0,0,1.0,0.18575512
0.0,0.0,0.0,0.0,0.0,4.0,2025.0,0.0,1.0,0.0,0.0,0.0,0.0,0.0,-0.02603231597845615,0.9848740116751642,-0.03792581098056618,8.092352562754117,42.3281234038206,0.18307880323228407,0.29284433636783597,1.0420892775754673,0.007100480271211944,0.007100480271211944,0.19389807778274476,0.0,0,0.0,0.17764676
0.0,0.0,0.0,0.0,3.0,5.0,2024.0,0.0,1.0,0.0,0.0,0.0,0.0,0.0,0.01785200115174192,1.0254998551144596,0.03826153014793972,3.7740124536043096,76.43038469049006,0.07695399145671608,0.9972000727143632,2.196138281414344,-0.005251097956845522,0.005251097956845522,0.473520017826636,1.0,0,1.0,0.17240398
0.0,0.0,0.0,0.0,1.0,12.0,2024.0,1.0,0.0,0.0,0.0,0.0,0.0,0.0,-0.0018969385062021266,1.0093686422305972,0.009055131241036503,1.2525294407678527,66.1016949152542,0.04968134061644041,0.6822642289576221,-0.46143169919946914,0.0021655398145240925,0.0021655398145240925,1.2743322770484382,0.0,0,0.0,0.17086391
0.0,0.0,0.0,0.0,2.0,7.0,2024.0,0.0,0.0,1.0,0.0,0.0,0.0,0.0,-0.003065537194579878,1.0040519786072957,-0.002291038083515679,3.3425633875747742,54.907908992416104,0.045185760817658856,0.4492973440734824,-1.2798321922912113,-0.005968265416516514,0.005968265416516514,0.24305154003315216,0.0,0,0.0,0.16719992
0.0,0.0,0.0,0.0,4.0,5.0,2024.0,0.0,1.0,0.0,0.0,0.0,0.0,0.0,-0.005077004378680459,1.0249714101058263,0.01979330135393233,2.0817468626035387,77.22452743199631,0.07949620222797024,0.7489842382302917,1.556132633104947,-0.0054435559560010085,0.0054435559560010085,1.444043321299639,0.0,0,0.0,0.16660616
0.0,0.0,0.0,0.0,3.0,5.0,2024.0,0.0,1.0,0.0,0.0,0.0,0.0,0.0,0.01785200115174192,1.0254998551144596,0.03826153014793972,3.7740124536043096,76.43038469049006,0.07695399145671608,0.9972000727143632,2.196138281414344,-0.005251097956845522,0.005251097956845522,0.6547191126630378,1.0,0,1.0,0.160523
0.0,0.0,0.0,0.0,1.0,12.0,2024.0,1.0,0.0,0.0,0.0,0.0,0.0,0.0,-0.0018969385062021266,1.0093686422305972,0.009055131241036503,1.2525294407678527,66.1016949152542,0.04968134061644041,0.6822642289576221,-0.46143169919946914,0.0021655398145240925,0.0021655398145240925,1.3449593884376492,0.0,0,0.0,0.15463345
0.0,0.0,0.0,0.0,3.0,11.0,2024.0,0.0,0.0,0.0,1.0,0.0,0.0,0.0,-0.0003845382197552635,1.0218182377564051,0.02203018146825737,1.4304649593707384,64.92551750822207,0.06370251321746194,0.8458290788787675,1.3347960643701784,0.0027158424140821535,0.0027158424140821535,0.25943916979465664,1.0,0,1.0,0.15294139
0.0,0.0,0.0,0.0,1.0,5.0,2024.0,0.0,1.0,0.0,0.0,0.0,1.0,0.0,-0.0031535674732041815,1.0228004289256494,0.025136162659724993,2.1616822153035526,77.55565651976372,0.08045176425075723,0.8124376810604058,1.3767567522289559,0.010585222422460478,0.010585222422460478,0.7872870793518904,1.0,0,1.0,0.15252428
0.0,0.0,0.0,0.0,1.0,5.0,2024.0,0.0,1.0,0.0,0.0,0.0,1.0,0.0,-0.0031535674732041815,1.0228004289256494,0.025136162659724993,2.1616822153035526,77.55565651976372,0.08045176425075723,0.8124376810604058,1.3767567522289559,0.010585222422460478,0.010585222422460478,0.7905715477680434,1.0,0,1.0,0.15252428
0.0,0.0,0.0,0.0,0.0,10.0,2024.0,0.0,0.0,0.0,1.0,0.0,0.0,0.0,0.006138142694575581,1.0160009209163117,0.018222980350296996,2.1522616011957445,66.32311977715855,0.04283810227519838,0.9253918680437766,0.7900277117487713,-0.0074783947976384095,0.0074783947976384095,0.8271116966769141,1.0,0,1.0,0.15196325
0.0,0.0,0.0,0.0,4.0,7.0,2024.0,0.0,0.0,1.0,0.0,0.0,0.0,0.0,0.005013796959258341,1.0196341767131247,0.027994797671865832,5.750204344191236,72.81845536609823,0.07672231784687969,0.8648846705561879,0.751123115386239,-0.004041528955309671,0.004041528955309671,0.3099957823703079,0.0,0,0.0,0.14668469
0.0,0.0,0.0,0.0,4.0,7.0,2024.0,0.0,0.0,1.0,0.0,0.0,0.0,0.0,0.005013796959258341,1.0196341767131247,0.027994797671865832,5.750204344191236,72.81845536609823,0.07672231784687969,0.8648846705561879,0.751123115386239,-0.004041528955309671,0.004041528955309671,0.3272484416740873,0.0,0,0.0,0.14668469
0.0,0.0,0.0,0.0,4.0,9.0,2024.0,0.0,0.0,0.0,1.0,0.0,0.0,0.0,0.006233067129424648,1.0121132624510352,0.017481813094571988,3.926693265327701,56.208492654457736,0.051722668143921575,0.8379913241507136,1.2491768891969839,-0.008915252452571782,0.008915252452571782,0.6118411411264716,0.0,0,0.0,0.14666031
0.0,0.0,1.0,1.0,0.0,9.0,2024.0,0.0,0.0,0.0,1.0,0.0,0.0,0.0,-0.005656108597285068,1.0184620461751839,0.018904443146191628,2.5803255608496225,73.1828442437923,0.0650111684615427,0.7907876230124141,1.2568560931222574,0.004808953396869808,0.004808953396869808,2.121871599564744,0.0,0,0.0,0.1461978
0.0,0.0,0.0,0.0,4.0,9.0,2024.0,0.0,0.0,0.0,1.0,0.0,0.0,0.0,0.006233067129424648,1.0121132624510352,0.017481813094571988,3.926693265327701,56.208492654457736,0.051722668143921575,0.8379913241507136,1.2491768891969839,-0.008915252452571782,0.008915252452571782,0.6666844094320541,0.0,0,0.0,0.14617816
0.0,0.0,0.0,0.0,0.0,11.0,2024.0,0.0,0.0,0.0,1.0,1.0,0.0,0.0,0.0133087875154115,1.0134947374390675,0.031082148193784603,11.308901361316323,65.02636203866419,0.0554606971478275,1.0604355839764656,1.4086967643801778,-0.007492959635241911,0.007492959635241911,0.24099672608221173,1.0,0,1.0,0.1454995
0.0,0.0,0.0,0.0,3.0,3.0,2025.0,0.0,1.0,0.0,0.0,0.0,0.0,0.0,-0.007462036020015144,0.9953505919175053,-0.005983798681678056,4.989473920159176,43.616236162361645,0.08313156419270032,0.4280201360363253,1.3906553696007098,-0.0022613808339275914,0.0022613808339275914,1.0665394234566274,0.0,0,0.0,0.14525941
0.0,0.0,0.0,0.0,3.0,3.0,2025.0,0.0,1.0,0.0,0.0,0.0,0.0,0.0,-0.007462036020015144,0.9953505919175053,-0.005983798681678056,4.989473920159176,43.616236162361645,0.08313156419270032,0.4280201360363253,1.3906553696007098,-0.0022613808339275914,0.0022613808339275914,1.247210036173324,0.0,0,0.0,0.14525941
0.0,0.0,0.0,0.0,0.0,1.0,2025.0,1.0,0.0,0.0,0.0,0.0,0.0,0.0,-0.014659460888822787,1.0160986060675472,0.004975442804303466,5.1811552765760664,56.03395251568456,0.055530004075433216,0.5895991795272464,1.6530651026348313,-0.0071868077775043,0.0071868077775043,3.684908789386401,1.0,0,1.0,0.14254026
0.0,0.0,0.0,0.0,0.0,1.0,2025.0,1.0,0.0,0.0,0.0,0.0,0.0,0.0,-0.014659460888822787,1.0160986060675472,0.004975442804303466,5.1811552765760664,56.03395251568456,0.055530004075433216,0.5895991795272464,1.6530651026348313,-0.0071868077775043,0.0071868077775043,2.2536639789035955,1.0,0,1.0,0.14254026
0.0,0.0,0.0,0.0,4.0,5.0,2024.0,0.0,1.0,0.0,0.0,0.0,0.0,0.0,-0.005077004378680459,1.0249714101058263,0.01979330135393233,2.0817468626035387,77.22452743199631,0.07949620222797024,0.7489842382302917,1.556132633104947,-0.0054435559560010085,0.0054435559560010085,1.8038331454340473,0.0,0,0.0,0.13357991
0.0,0.0,0.0,0.0,2.0,6.0,2024.0,0.0,0.0,1.0,0.0,0.0,0.0,0.0,0.0020184967704050005,1.0220774656137965,0.023464629660004076,3.4455623633821926,63.663003663003806,0.06212499589863775,0.8777003011523514,1.1727994511728026,0.0018383704684167951,0.0018383704684167951,0.6732495511669658,0.0,0,0.0,0.12850216
0.0,0.0,0.0,0.0,2.0,6.0,2024.0,0.0,0.0,1.0,0.0,0.0,0.0,0.0,0.0020184967704050005,1.0220774656137965,0.023464629660004076,3.4455623633821926,63.663003663003806,0.06212499589863775,0.8777003011523514,1.1727994511728026,0.0018383704684167951,0.0018383704684167951,0.6830601092896175,0.0,0,0.0,0.12367609
0.0,0.0,0.0,0.0,2.0,8.0,2024.0,0.0,0.0,1.0,0.0,0.0,0.0,0.0,0.00813815005954763,1.0217662150008109,0.03001562891644417,5.932979858381748,57.113175262771954,0.08904672155582057,0.8370773049474743,2.6267004422895592,-0.010428198992893168,0.010428198992893168,0.7934748178650618,1.0,0,1.0,0.1193165
0.0,0.0,0.0,0.0,2.0,8.0,2024.0,0.0,0.0,1.0,0.0,0.0,0.0,0.0,0.00813815005954763,1.0217662150008109,0.03001562891644417,5.932979858381748,57.113175262771954,0.08904672155582057,0.8370773049474743,2.6267004422895592,-0.010428198992893168,0.010428198992893168,0.9112404510731176,1.0,0,1.0,0.1193165
0.0,0.0,0.0,0.0,3.0,3.0,2025.0,0.0,1.0,0.0,0.0,0.0,0.0,0.0,-0.011055018396509004,0.9774311137463515,-0.03499534425380704,6.456780931700581,30.235109717868298,0.06461973521890028,-0.04155814992524819,-3.1079196917274214,0.004469273743016798,0.004469273743016798,1.3465840647048701,0.0,0,0.0,0.118293226
0.0,0.0,0.0,0.0,3.0,6.0,2024.0,0.0,0.0,1.0,0.0,0.0,1.0,0.0,0.015871551167297264,1.0189600150178335,0.038437918898038,7.011196759466736,67.53623188405803,0.05644031993971224,1.1810365167861587,1.6455211239135181,0.0015711645101664006,0.0015711645101664006,0.5756207674943566,0.0,0,0.0,0.111806534
0.0,0.0,0.0,0.0,4.0,12.0,2024.0,1.0,0.0,0.0,0.0,0.0,0.0,0.0,0.004473902236951194,1.0112794070254592,0.012291297574301302,1.8366218990283054,81.02819237147592,0.048388640916941235,0.7540120437645527,-0.09575984678794747,-0.0051104516979888276,0.0051104516979888276,2.2861952861952863,1.0,0,1.0,0.10910682
0.0,0.0,0.0,0.0,4.0,12.0,2024.0,1.0,0.0,0.0,0.0,0.0,0.0,0.0,0.004473902236951194,1.0112794070254592,0.012291297574301302,1.8366218990283054,81.02819237147592,0.048388640916941235,0.7540120437645527,-0.09575984678794747,-0.0051104516979888276,0.0051104516979888276,1.7343550446998723,1.0,0,1.0,0.107874095
0.0,0.0,0.0,0.0,0.0,3.0,2025.0,0.0,1.0,0.0,0.0,0.0,0.0,0.0,-0.012029008082800998,0.9692865504137277,-0.042623841579376244,5.37571111574672,26.38584174345472,0.08409933882369108,-0.006827308936808813,-3.5361341701252718,0.00478244234983131,0.00478244234983131,0.5302435192458759,1.0,0,1.0,0.105020866
0.0,0.0,0.0,0.0,0.0,7.0,2024.0,0.0,0.0,1.0,0.0,0.0,0.0,0.0,0.00955614233622521,1.0227646804205,0.032906822971089024,3.79374880559516,71.30453197797537,0.07476697194606445,0.9401251263034621,0.9810096604084748,-0.0009690444145356009,0.0009690444145356009,2.2955135603000576,0.0,0,0.0,0.10315372
0.0,0.0,0.0,0.0,0.0,7.0,2024.0,0.0,0.0,1.0,0.0,0.0,0.0,0.0,0.00955614233622521,1.0227646804205,0.032906822971089024,3.79374880559516,71.30453197797537,0.07476697194606445,0.9401251263034621,0.9810096604084748,-0.0009690444145356009,0.0009690444145356009,3.8164048447056005,0.0,0,0.0,0.10315372
0.0,0.0,0.0,0.0,0.0,8.0,2024.0,0.0,0.0,1.0,0.0,0.0,0.0,0.0,-0.05906103456392224,0.9837672449118973,-0.055702772845239786,12.676745244736818,25.09960159362548,0.07226030945555827,-0.2708626390466575,-3.778333562851392,0.028625172272506966,0.028625172272506966,2.469144713099964,0.0,0,0.0,0.09738497
0.0,0.0,0.0,0.0,4.0,8.0,2024.0,0.0,0.0,1.0,0.0,0.0,0.0,0.0,0.02089249492900616,1.0001752803101172,0.022050263012718008,8.000040624894382,58.174622804847914,0.08400529873103853,0.762486573416241,0.942306832638317,-0.0047715177096715414,0.0047715177096715414,0.5384615384615384,1.0,0,1.0,0.095593706
0.0,0.0,0.0,0.0,4.0,8.0,2024.0,0.0,0.0,1.0,0.0,0.0,0.0,0.0,0.02089249492900616,1.0001752803101172,0.022050263012718008,8.000040624894382,58.174622804847914,0.08400529873103853,0.762486573416241,0.942306832638317,-0.0047715177096715414,0.0047715177096715414,0.5169660678642715,1.0,0,1.0,0.095593706
0.0,0.0,0.0,0.0,3.0,3.0,2025.0,0.0,1.0,0.0,0.0,0.0,0.0,0.0,-0.011055018396509004,0.9774311137463515,-0.03499534425380704,6.456780931700581,30.235109717868298,0.06461973521890028,-0.04155814992524819,-3.1079196917274214,0.004469273743016798,0.004469273743016798,1.6966608846487425,0.0,0,0.0,0.09428056
0.0,0.0,0.0,0.0,2.0,8.0,2024.0,0.0,0.0,1.0,0.0,0.0,0.0,0.0,-0.0018997230310348165,1.0289238551699489,0.03010419625919842,1.6472917167168046,93.8775510204082,0.10513805232952157,0.7863301686895098,2.377289087898381,0.0032060416072954446,0.0032060416072954446,0.35297387437465255,0.0,0,0.0,0.089677654
0.0,0.0,0.0,0.0,0.0,8.0,2024.0,0.0,0.0,1.0,0.0,0.0,0.0,0.0,-0.05906103456392224,0.9837672449118973,-0.055702772845239786,12.676745244736818,25.09960159362548,0.07226030945555827,-0.2708626390466575,-3.778333562851392,0.028625172272506966,0.028625172272506966,1.9553040695016004,0.0,0,0.0,0.073648535
0.0,0.0,0.0,0.0,3.0,5.0,2024.0,0.0,1.0,0.0,0.0,0.0,0.0,0.0,-0.001393027125333799,1.0128732021610032,0.01718496126215507,4.492374650445531,64.81704865299547,0.052763139815526196,0.8257001255467019,1.4400352693035838,-0.0007926228082045511,0.0007926228082045511,0.46933667083854813,1.0,0,1.0,0.07256951
0.0,0.0,0.0,0.0,2.0,8.0,2024.0,0.0,0.0,1.0,0.0,0.0,0.0,0.0,-0.0018997230310348165,1.0289238551699489,0.03010419625919842,1.6472917167168046,93.8775510204082,0.10513805232952157,0.7863301686895098,2.377289087898381,0.0032060416072954446,0.0032060416072954446,0.49224806201550386,0.0,0,0.0,0.07253702
0.0,0.0,0.0,0.0,4.0,4.0,2025.0,0.0,1.0,0.0,0.0,0.0,0.0,0.0,-0.04725647899910644,0.9787932632193047,-0.05070371931621935,10.827572211716154,35.58726440208714,0.07156805537326232,-0.20846859051534555,-1.7427884196293668,0.022422016336823607,0.022422016336823607,2.654329707585817,1.0,0,1.0,0.07062577
0.0,0.0,0.0,0.0,0.0,3.0,2025.0,0.0,1.0,0.0,0.0,0.0,0.0,0.0,-0.012029008082800998,0.9692865504137277,-0.042623841579376244,5.37571111574672,26.38584174345472,0.08409933882369108,-0.006827308936808813,-3.5361341701252718,0.00478244234983131,0.00478244234983131,0.7615644979315531,1.0,0,1.0,0.0703851
0.0,0.0,0.0,0.0,3.0,5.0,2024.0,0.0,1.0,0.0,0.0,0.0,0.0,0.0,-0.001393027125333799,1.0128732021610032,0.01718496126215507,4.492374650445531,64.81704865299547,0.052763139815526196,0.8257001255467019,1.4400352693035838,-0.0007926228082045511,0.0007926228082045511,0.29492725127801805,1.0,0,1.0,0.069016494
0.0,0.0,0.0,0.0,3.0,6.0,2024.0,0.0,0.0,1.0,0.0,0.0,1.0,0.0,0.015871551167297264,1.0189600150178335,0.038437918898038,7.011196759466736,67.53623188405803,0.05644031993971224,1.1810365167861587,1.6455211239135181,0.0015711645101664006,0.0015711645101664006,0.641323273360418,0.0,0,0.0,0.06691363
0.0,0.0,0.0,0.0,1.0,11.0,2024.0,0.0,0.0,0.0,1.0,0.0,0.0,0.0,-0.008452469679517597,1.0094812905208437,2.9877119675006814e-05,5.817538139108506,52.244074634392284,0.06349546606931196,0.5004705394183955,-0.6992129918466761,0.007474657838151465,0.007474657838151465,3.8983488132094943,1.0,0,1.0,0.06561096
0.0,0.0,0.0,0.0,1.0,4.0,2025.0,0.0,1.0,0.0,0.0,0.0,0.0,0.0,-0.022220129931268158,0.9819821826280624,-0.036191536748329624,9.041204012735792,39.320002121678236,0.18037148389087967,0.2993500082849869,0.7300461392534405,0.01968125960061444,0.01968125960061444,2.811187265089542,1.0,0,1.0,0.06484735
0.0,0.0,0.0,0.0,1.0,8.0,2024.0,0.0,0.0,1.0,0.0,0.0,0.0,0.0,0.00023160107605442476,1.0300424771709307,0.030909095916518265,1.6628800317412558,93.82262996941901,0.10147199051960297,0.8046071704934876,2.648597624007233,-0.00319653353696448,0.00319653353696448,0.16561775422325276,1.0,0,1.0,0.063480124
0.0,0.0,0.0,0.0,4.0,1.0,2025.0,1.0,0.0,0.0,0.0,0.0,0.0,0.0,0.006523534269199084,1.0154600962380882,0.026489062015608328,5.940078282311781,64.43627104258027,0.055358275987823016,0.97850229334156,2.2977910784100275,0.0009091660467806504,0.0009091660467806504,0.44491525423728817,0.0,0,0.0,0.060587663
0.0,0.0,0.0,0.0,0.0,12.0,2024.0,1.0,0.0,0.0,0.0,0.0,0.0,0.0,-0.0027530497856908553,1.009616170785062,0.009439298651934063,1.3384580680731482,74.7109826589596,0.04901964469574932,0.6925615477329761,-0.30155422772924556,0.0006598482349059341,0.0006598482349059341,0.37994722955145116,1.0,0,1.0,0.05863532
0.0,0.0,0.0,0.0,0.0,6.0,2024.0,0.0,0.0,1.0,0.0,0.0,0.0,0.0,0.007449856733524304,1.021328985960143,0.025899751883464366,5.829264962236354,59.99019768011771,0.05954169626959248,0.9349851197754873,1.568781061821352,-0.017258606594604414,0.017258606594604414,0.47442126321806233,0.0,0,0.0,0.057102863
0.0,0.0,0.0,0.0,0.0,6.0,2024.0,0.0,0.0,1.0,0.0,0.0,0.0,0.0,0.007449856733524304,1.021328985960143,0.025899751883464366,5.829264962236354,59.99019768011771,0.05954169626959248,0.9349851197754873,1.568781061821352,-0.017258606594604414,0.017258606594604414,0.43342036553524804,0.0,0,0.0,0.054262795
0.0,0.0,0.0,0.0,4.0,4.0,2025.0,0.0,1.0,0.0,0.0,0.0,0.0,0.0,-0.04725647899910644,0.9787932632193047,-0.05070371931621935,10.827572211716154,35.58726440208714,0.07156805537326232,-0.20846859051534555,-1.7427884196293668,0.022422016336823607,0.022422016336823607,1.7432852437723247,1.0,0,1.0,0.053028386
0.0,0.0,0.0,0.0,1.0,11.0,2024.0,0.0,0.0,0.0,1.0,0.0,0.0,0.0,-0.008452469679517597,1.0094812905208437,2.9877119675006814e-05,5.817538139108506,52.244074634392284,0.06349546606931196,0.5004705394183955,-0.6992129918466761,0.007474657838151465,0.007474657838151465,2.2451708766716196,1.0,0,1.0,0.052292854
0.0,0.0,0.0,0.0,1.0,4.0,2025.0,0.0,1.0,0.0,0.0,0.0,0.0,0.0,-0.022220129931268158,0.9819821826280624,-0.036191536748329624,9.041204012735792,39.320002121678236,0.18037148389087967,0.2993500082849869,0.7300461392534405,0.01968125960061444,0.01968125960061444,1.9796045461622296,1.0,0,1.0,0.051316727
0.0,0.0,0.0,0.0,0.0,12.0,2024.0,1.0,0.0,0.0,0.0,0.0,0.0,0.0,-0.0027530497856908553,1.009616170785062,0.009439298651934063,1.3384580680731482,74.7109826589596,0.04901964469574932,0.6925615477329761,-0.30155422772924556,0.0006598482349059341,0.0006598482349059341,0.39077340569877883,1.0,0,1.0,0.050952166
0.0,0.0,1.0,1.0,0.0,3.0,2025.0,0.0,1.0,0.0,0.0,0.0,0.0,0.0,-0.031961624964858125,0.995964121621028,-0.03217984872044899,9.605038781803316,37.338893100834014,0.07443253009488683,0.06766418285894597,0.1577262688986707,0.005370265686828652,0.005370265686828652,1.3117027176927345,0.0,0,0.0,0.049736667
0.0,0.0,1.0,1.0,0.0,3.0,2025.0,0.0,1.0,0.0,0.0,0.0,0.0,0.0,-0.031961624964858125,0.995964121621028,-0.03217984872044899,9.605038781803316,37.338893100834014,0.07443253009488683,0.06766418285894597,0.1577262688986707,0.005370265686828652,0.005370265686828652,1.3044677330391616,0.0,0,0.0,0.049736667
0.0,0.0,0.0,0.0,4.0,8.0,2024.0,0.0,0.0,1.0,0.0,0.0,0.0,0.0,-0.0021707026315321734,1.026366305536156,0.025254759719626915,1.4451539710231143,85.79081632653072,0.10989032284373758,0.7298178680896116,1.5410514508925854,0.004917036189386354,0.004917036189386354,0.9603692861968025,0.0,0,0.0,0.049624655
0.0,0.0,0.0,0.0,4.0,1.0,2025.0,1.0,0.0,0.0,0.0,0.0,0.0,0.0,0.006523534269199084,1.0154600962380882,0.026489062015608328,5.940078282311781,64.43627104258027,0.055358275987823016,0.97850229334156,2.2977910784100275,0.0009091660467806504,0.0009091660467806504,0.3971078976640712,0.0,0,0.0,0.04927314
0.0,0.0,0.0,0.0,0.0,7.0,2024.0,0.0,0.0,1.0,0.0,0.0,0.0,0.0,-0.012379075600143464,1.0136444294801212,0.003339672948648975,5.045159065872387,59.00560565439913,0.05361304652872201,0.5622921688820616,-0.6451903699555377,0.010591110708789757,0.010591110708789757,3.3466682953643194,0.0,0,0.0,0.045532074
0.0,0.0,0.0,0.0,1.0,4.0,2025.0,0.0,1.0,0.0,0.0,0.0,0.0,0.0,0.02956528365146489,0.9635780853796418,-0.012795603318001872,17.995324948438885,41.23501020052744,0.18471168407863628,0.430726616554725,0.5587738965999751,-0.02824879674194741,0.02824879674194741,0.4672099553989318,0.0,0,0.0,0.045096558
0.0,0.0,0.0,0.0,1.0,4.0,2025.0,0.0,1.0,0.0,0.0,0.0,0.0,0.0,0.02956528365146489,0.9635780853796418,-0.012795603318001872,17.995324948438885,41.23501020052744,0.18471168407863628,0.430726616554725,0.5587738965999751,-0.02824879674194741,0.02824879674194741,0.5610782930700052,0.0,0,0.0,0.045096558
0.0,0.0,0.0,0.0,4.0,8.0,2024.0,0.0,0.0,1.0,0.0,0.0,0.0,0.0,-0.0021707026315321734,1.026366305536156,0.025254759719626915,1.4451539710231143,85.79081632653072,0.10989032284373758,0.7298178680896116,1.5410514508925854,0.004917036189386354,0.004917036189386354,0.8254306173795238,0.0,0,0.0,0.04338145
0.0,0.0,0.0,0.0,1.0,8.0,2024.0,0.0,0.0,1.0,0.0,0.0,0.0,0.0,0.00023160107605442476,1.0300424771709307,0.030909095916518265,1.6628800317412558,93.82262996941901,0.10147199051960297,0.8046071704934876,2.648597624007233,-0.00319653353696448,0.00319653353696448,0.09800078400627205,1.0,0,1.0,0.042525407
0.0,0.0,0.0,0.0,0.0,7.0,2024.0,0.0,0.0,1.0,0.0,0.0,0.0,0.0,-0.012379075600143464,1.0136444294801212,0.003339672948648975,5.045159065872387,59.00560565439913,0.05361304652872201,0.5622921688820616,-0.6451903699555377,0.010591110708789757,0.010591110708789757,2.193291438177961,0.0,0,0.0,0.040597904
0.0,0.0,0.0,0.0,1.0,1.0,2025.0,1.0,0.0,0.0,0.0,0.0,1.0,0.0,0.00979567105396043,0.999751371263592,0.014608206777923701,7.271415268018985,50.28836685891122,0.04886720030662078,0.7989368469292992,0.5952920584974704,0.00013466653200020358,0.00013466653200020358,1.181353767560664,0.0,0,0.0,0.038000923
0.0,0.0,0.0,0.0,1.0,1.0,2025.0,1.0,0.0,0.0,0.0,0.0,1.0,0.0,0.00979567105396043,0.999751371263592,0.014608206777923701,7.271415268018985,50.28836685891122,0.04886720030662078,0.7989368469292992,0.5952920584974704,0.00013466653200020358,0.00013466653200020358,1.1104441776710685,0.0,0,0.0,0.038000923
0.0,0.0,0.0,0.0,2.0,3.0,2025.0,0.0,1.0,0.0,0.0,0.0,0.0,0.0,0.009074951728980093,0.9925158399185986,0.0015410870892793875,5.077386138550858,44.75916388973043,0.09104693672590919,0.5169262925771871,1.3330631311122385,-0.0066952610105658165,0.0066952610105658165,1.0539619738432795,0.0,0,0.0,0.03479761
0.0,0.0,0.0,0.0,3.0,1.0,2025.0,1.0,0.0,0.0,0.0,0.0,0.0,0.0,0.0054884742041711645,1.0145620985163764,0.01621028891264006,4.937160114883033,59.20338758766703,0.059701053670183184,0.7715243352687433,1.3578470165736167,-0.0058367367185303545,0.0058367367185303545,1.602155805977462,0.0,0,0.0,0.03179508
0.0,0.0,0.0,0.0,3.0,12.0,2024.0,1.0,0.0,0.0,0.0,0.0,0.0,0.0,-0.02712576038085176,1.0046614798322202,-0.017570193213752753,7.7048705375229245,38.321167883211615,0.05029084657805011,0.15062840637442318,-1.6143900512451221,-0.00021484407278255375,0.00021484407278255375,2.83228575808677,1.0,0,1.0,0.031605754
0.0,0.0,0.0,0.0,3.0,1.0,2025.0,1.0,0.0,0.0,0.0,0.0,0.0,0.0,0.0054884742041711645,1.0145620985163764,0.01621028891264006,4.937160114883033,59.20338758766703,0.059701053670183184,0.7715243352687433,1.3578470165736167,-0.0058367367185303545,0.0058367367185303545,2.031055900621118,0.0,0,0.0,0.026626961
0.0,0.0,0.0,0.0,2.0,3.0,2025.0,0.0,1.0,0.0,0.0,0.0,0.0,0.0,0.009074951728980093,0.9925158399185986,0.0015410870892793875,5.077386138550858,44.75916388973043,0.09104693672590919,0.5169262925771871,1.3330631311122385,-0.0066952610105658165,0.0066952610105658165,0.84093300596282,0.0,0,0.0,0.026313353
0.0,0.0,0.0,0.0,0.0,4.0,2025.0,0.0,1.0,0.0,0.0,0.0,0.0,0.0,0.03324947431661166,1.008600944321782,0.0320382831126976,12.761086160664954,69.04926262943205,0.14053196375496388,0.7279786196438601,4.1940805676361315,-0.029640560383305065,0.029640560383305065,0.3593339176161262,0.0,0,0.0,0.026271256
0.0,0.0,0.0,0.0,2.0,11.0,2024.0,0.0,0.0,0.0,1.0,0.0,0.0,0.0,0.03132437351252971,0.9959185651208208,0.019294449092817367,7.9406152154587195,58.347578347578256,0.04314686931413314,0.9471807433430007,-0.9362674001965239,0.0008582187582100167,0.0008582187582100167,2.6830110497237567,0.0,0,0.0,0.02607299
0.0,0.0,0.0,0.0,2.0,11.0,2024.0,0.0,0.0,0.0,1.0,0.0,0.0,0.0,-0.005800193339778023,1.021362623668099,0.02106476746246188,2.80766272903048,64.74820143884891,0.06065839389321777,0.84726879678918,1.447630132472856,0.002807955874979214,0.002807955874979214,0.11426844014510278,0.0,0,0.0,0.024191076
0.0,0.0,0.0,0.0,2.0,11.0,2024.0,0.0,0.0,0.0,1.0,0.0,0.0,0.0,0.03132437351252971,0.9959185651208208,0.019294449092817367,7.9406152154587195,58.347578347578256,0.04314686931413314,0.9471807433430007,-0.9362674001965239,0.0008582187582100167,0.0008582187582100167,1.8581848618916657,0.0,0,0.0,0.023196293
0.0,0.0,0.0,0.0,3.0,12.0,2024.0,1.0,0.0,0.0,0.0,0.0,0.0,0.0,-0.02712576038085176,1.0046614798322202,-0.017570193213752753,7.7048705375229245,38.321167883211615,0.05029084657805011,0.15062840637442318,-1.6143900512451221,-0.00021484407278255375,0.00021484407278255375,1.8605236656596174,1.0,0,1.0,0.02274348
0.0,0.0,0.0,0.0,0.0,4.0,2025.0,0.0,1.0,0.0,0.0,0.0,0.0,0.0,0.03324947431661166,1.008600944321782,0.0320382831126976,12.761086160664954,69.04926262943205,0.14053196375496388,0.7279786196438601,4.1940805676361315,-0.029640560383305065,0.029640560383305065,0.2588850802814361,0.0,0,0.0,0.0226299
0.0,0.0,0.0,0.0,1.0,4.0,2025.0,0.0,1.0,0.0,0.0,0.0,0.0,0.0,0.0058700209643606375,1.0208131115193766,0.0357320038750858,8.56827403856338,64.39246263807667,0.14104438004644043,0.7533387283018337,4.700930839534189,-0.0032706459525757574,0.0032706459525757574,0.4978083907326237,1.0,0,1.0,0.018734597
0.0,0.0,0.0,0.0,2.0,11.0,2024.0,0.0,0.0,0.0,1.0,0.0,0.0,0.0,-0.005800193339778023,1.021362623668099,0.02106476746246188,2.80766272903048,64.74820143884891,0.06065839389321777,0.84726879678918,1.447630132472856,0.002807955874979214,0.002807955874979214,0.10974335152711648,0.0,0,0.0,0.018720537
0.0,0.0,0.0,0.0,1.0,4.0,2025.0,0.0,1.0,0.0,0.0,0.0,0.0,0.0,0.0058700209643606375,1.0208131115193766,0.0357320038750858,8.56827403856338,64.39246263807667,0.14104438004644043,0.7533387283018337,4.700930839534189,-0.0032706459525757574,0.0032706459525757574,0.6472184531886025,1.0,0,1.0,0.018663801
0.0,0.0,0.0,0.0,1.0,7.0,2024.0,0.0,0.0,1.0,0.0,0.0,0.0,0.0,0.008747595798195033,0.9929878868470199,-0.009148446072126568,5.472863053279968,52.142437879084376,0.0470339320159116,0.3054926373361333,-2.4537798455644317,-0.0035566202893208333,0.0035566202893208333,0.4962021136063408,0.0,0,0.0,0.0144032175
0.0,0.0,0.0,0.0,1.0,7.0,2024.0,0.0,0.0,1.0,0.0,0.0,0.0,0.0,0.008747595798195033,0.9929878868470199,-0.009148446072126568,5.472863053279968,52.142437879084376,0.0470339320159116,0.3054926373361333,-2.4537798455644317,-0.0035566202893208333,0.0035566202893208333,0.5254415107536283,0.0,0,0.0,0.0144032175
0.0,0.0,0.0,0.0,1.0,6.0,2024.0,0.0,0.0,1.0,0.0,0.0,0.0,0.0,-0.011718537090532388,1.022662743179058,0.021697212075901154,3.680226895173189,64.92220650636501,0.0601539538351363,0.8606946957363204,1.3196081174832077,0.009963668391500513,0.009963668391500513,1.0484406104844062,0.0,0,0.0,0.013694172
0.0,0.0,0.0,1.0,4.0,1.0,2025.0,1.0,0.0,0.0,0.0,0.0,0.0,0.0,0.005174922293499099,1.0126082736337958,0.020937660584199144,4.492352390451071,63.04149863405754,0.06239090250854297,0.8355883589171069,1.4397150922015625,0.0004631467513565013,0.0004631467513565013,0.49405155320555183,0.0,0,0.0,0.011513553
0.0,0.0,0.0,1.0,4.0,1.0,2025.0,1.0,0.0,0.0,0.0,0.0,0.0,0.0,0.005174922293499099,1.0126082736337958,0.020937660584199144,4.492352390451071,63.04149863405754,0.06239090250854297,0.8355883589171069,1.4397150922015625,0.0004631467513565013,0.0004631467513565013,0.508071367884452,0.0,0,0.0,0.011513553
0.0,0.0,0.0,0.0,0.0,1.0,2025.0,1.0,0.0,0.0,0.0,0.0,0.0,0.0,-0.0256979265483129,0.9899156852079622,-0.03239339168420243,8.144552166938194,33.02773321109326,0.05991975182858559,-0.04061291470083646,-1.9813293204566589,0.0040821880527964535,0.0040821880527964535,2.036406941136441,1.0,0,1.0,0.009495718
0.0,0.0,0.0,0.0,0.0,1.0,2025.0,1.0,0.0,0.0,0.0,0.0,0.0,0.0,-0.0256979265483129,0.9899156852079622,-0.03239339168420243,8.144552166938194,33.02773321109326,0.05991975182858559,-0.04061291470083646,-1.9813293204566589,0.0040821880527964535,0.0040821880527964535,1.7778107827120155,1.0,0,1.0,0.009495718
0.0,0.0,0.0,0.0,3.0,8.0,2024.0,0.0,0.0,1.0,0.0,0.0,0.0,0.0,-0.00391821614305059,1.0278277343803628,0.024130183092855223,1.4128446482058437,86.84769775678879,0.10743209234743901,0.7246087045835187,1.8926352805626419,-0.0012273867335502444,0.0012273867335502444,2.2003695881731784,1.0,0,1.0,0.008509633
0.0,0.0,0.0,0.0,3.0,8.0,2024.0,0.0,0.0,1.0,0.0,0.0,0.0,0.0,-0.00391821614305059,1.0278277343803628,0.024130183092855223,1.4128446482058437,86.84769775678879,0.10743209234743901,0.7246087045835187,1.8926352805626419,-0.0012273867335502444,0.0012273867335502444,3.5911245152951317,1.0,0,1.0,0.007810921
0.0,0.0,0.0,0.0,1.0,6.0,2024.0,0.0,0.0,1.0,0.0,0.0,0.0,0.0,-0.011718537090532388,1.022662743179058,0.021697212075901154,3.680226895173189,64.92220650636501,0.0601539538351363,0.8606946957363204,1.3196081174832077,0.009963668391500513,0.009963668391500513,0.9111880046136102,0.0,0,0.0,0.006479524
0.0,0.0,0.0,0.0,3.0,4.0,2025.0,0.0,1.0,0.0,0.0,0.0,0.0,0.0,0.025746196803389187,0.9876536747330321,-0.004217642308037398,7.920516397300652,46.19033353305373,0.15763768041932893,0.47324470712320693,2.150392562135883,-0.034058146239839396,0.034058146239839396,0.373022159933378,0.0,0,0.0,0.006046548
0.0,0.0,0.0,0.0,3.0,4.0,2025.0,0.0,1.0,0.0,0.0,0.0,0.0,0.0,0.025746196803389187,0.9876536747330321,-0.004217642308037398,7.920516397300652,46.19033353305373,0.15763768041932893,0.47324470712320693,2.150392562135883,-0.034058146239839396,0.034058146239839396,0.38404433291509826,0.0,0,0.0,0.006046548
0.0,0.0,0.0,0.0,2.0,5.0,2024.0,0.0,1.0,0.0,0.0,0.0,0.0,0.0,0.008854562830339485,1.0074996897291484,0.019165873752268015,6.12488612138765,61.8216682646213,0.054900788256760855,0.8491001561331452,1.319030789205651,-0.00785618916774695,0.00785618916774695,0.11702986279257466,1.0,0,1.0,0.0057069757
0.0,0.0,0.0,0.0,2.0,5.0,2024.0,0.0,1.0,0.0,0.0,0.0,0.0,0.0,0.008854562830339485,1.0074996897291484,0.019165873752268015,6.12488612138765,61.8216682646213,0.054900788256760855,0.8491001561331452,1.319030789205651,-0.00785618916774695,0.00785618916774695,0.14858732250036596,1.0,0,1.0,0.0057069757
0.0,0.0,0.0,0.0,4.0,4.0,2025.0,0.0,1.0,0.0,0.0,0.0,0.0,0.0,0.020886028864752305,0.9961123312432394,0.027502142385517018,12.306056232599893,53.67061036582346,0.14823334381880543,0.6855327666299867,3.3899916845136815,0.0094054480259823,0.0094054480259823,0.28061405374742965,0.0,0,0.0,0.0054243035
0.0,0.0,0.0,0.0,4.0,4.0,2025.0,0.0,1.0,0.0,0.0,0.0,0.0,0.0,0.020886028864752305,0.9961123312432394,0.027502142385517018,12.306056232599893,53.67061036582346,0.14823334381880543,0.6855327666299867,3.3899916845136815,0.0094054480259823,0.0094054480259823,0.17859963445179053,0.0,0,0.0,0.004665045
0.0,0.0,0.0,1.0,2.0,4.0,2025.0,0.0,1.0,0.0,0.0,0.0,0.0,0.0,0.0067434928020940026,1.0274217339573848,0.03933100877900861,8.4977691190054,73.11594202898553,0.13822820524439766,0.7845367825580061,4.957389988515304,-0.002917882451021284,0.002917882451021284,1.4545703338806788,0.0,0,0.0,0.0021442957
0.0,0.0,0.0,1.0,2.0,4.0,2025.0,0.0,1.0,0.0,0.0,0.0,0.0,0.0,0.0067434928020940026,1.0274217339573848,0.03933100877900861,8.4977691190054,73.11594202898553,0.13822820524439766,0.7845367825580061,4.957389988515304,-0.002917882451021284,0.002917882451021284,1.679304897314376,0.0,0,0.0,0.0018807693
0.0,0.0,0.0,0.0,2.0,4.0,2025.0,0.0,1.0,0.0,0.0,0.0,0.0,0.0,0.03229708711764829,0.9845485753870304,0.00125603927706507,8.203457807529029,44.72539160703925,0.17040219196508358,0.507371027699705,1.7879594543977948,0.0029658160808858232,0.0029658160808858232,3.0242018185547273,1.0,0,1.0,0.0015036144
0.0,0.0,0.0,0.0,2.0,4.0,2025.0,0.0,1.0,0.0,0.0,0.0,0.0,0.0,0.03229708711764829,0.9845485753870304,0.00125603927706507,8.203457807529029,44.72539160703925,0.17040219196508358,0.507371027699705,1.7879594543977948,0.0029658160808858232,0.0029658160808858232,1.9126994422104036,1.0,0,1.0,0.001464628
0.0,0.0,0.0,0.0,1.0,9.0,2024.0,0.0,0.0,0.0,1.0,0.0,1.0,1.0,0.003235089099000778,1.0248419691272386,0.025499574839640198,1.0778450723381943,85.5848861283645,0.11201955544646593,0.7276350297768003,1.2424810012556717,-0.0023537383427541174,0.0023537383427541174,3.9538793640250733,1.0,0,1.0,0.0012504713
0.0,0.0,0.0,0.0,1.0,9.0,2024.0,0.0,0.0,0.0,1.0,0.0,1.0,1.0,0.003235089099000778,1.0248419691272386,0.025499574839640198,1.0778450723381943,85.5848861283645,0.11201955544646593,0.7276350297768003,1.2424810012556717,-0.0023537383427541174,0.0023537383427541174,2.296665139495069,1.0,0,1.0,0.0012504713
